Repositorio;Branch;Link
TIM_Components_ConsultTraffic;WEB0209;https://accenturetim.visualstudio.com/WEB_VAS/WEB_VAS%20Team/_git/TIM_Components_ConsultTraffic?_a=contents&version=GBWEB0209
TIM_Components_ConsultTraffic;master;https://accenturetim.visualstudio.com/WEB_VAS/WEB_VAS%20Team/_git/TIM_Components_ConsultTraffic?_a=contents&version=GBmaster
TIM_Components_protocol;TIR339972;https://accenturetim.visualstudio.com/WEB_VAS/WEB_VAS%20Team/_git/TIM_Components_protocol?_a=contents&version=GBTIR339972
TIM_Components_protocol;master;https://accenturetim.visualstudio.com/WEB_VAS/WEB_VAS%20Team/_git/TIM_Components_protocol?_a=contents&version=GBmaster
TIM_Components_OAM;master;https://accenturetim.visualstudio.com/WEB_VAS/WEB_VAS%20Team/_git/TIM_Components_OAM?_a=contents&version=GBmaster
Camada_Exposicao_API_Grupo_InboundVPN;WEB0122;https://accenturetim.visualstudio.com/WEB_VAS/WEB_VAS%20Team/_git/Camada_Exposicao_API_Grupo_InboundVPN?_a=contents&version=GBWEB0122
Camada_Exposicao_API_Grupo_InboundVPN;WEB0137;https://accenturetim.visualstudio.com/WEB_VAS/WEB_VAS%20Team/_git/Camada_Exposicao_API_Grupo_InboundVPN?_a=contents&version=GBWEB0137
Camada_Exposicao_API_Grupo_InboundVPN;WEB0140;https://accenturetim.visualstudio.com/WEB_VAS/WEB_VAS%20Team/_git/Camada_Exposicao_API_Grupo_InboundVPN?_a=contents&version=GBWEB0140
Camada_Exposicao_API_Grupo_InboundVPN;WEB0149;https://accenturetim.visualstudio.com/WEB_VAS/WEB_VAS%20Team/_git/Camada_Exposicao_API_Grupo_InboundVPN?_a=contents&version=GBWEB0149
Camada_Exposicao_API_Grupo_InboundVPN;WEB0225;https://accenturetim.visualstudio.com/WEB_VAS/WEB_VAS%20Team/_git/Camada_Exposicao_API_Grupo_InboundVPN?_a=contents&version=GBWEB0225
Camada_Exposicao_API_Grupo_InboundVPN;WEB0251;https://accenturetim.visualstudio.com/WEB_VAS/WEB_VAS%20Team/_git/Camada_Exposicao_API_Grupo_InboundVPN?_a=contents&version=GBWEB0251
Camada_Exposicao_API_Grupo_InboundVPN;WEB0296;https://accenturetim.visualstudio.com/WEB_VAS/WEB_VAS%20Team/_git/Camada_Exposicao_API_Grupo_InboundVPN?_a=contents&version=GBWEB0296
Camada_Exposicao_API_Grupo_InboundVPN;WEb0297;https://accenturetim.visualstudio.com/WEB_VAS/WEB_VAS%20Team/_git/Camada_Exposicao_API_Grupo_InboundVPN?_a=contents&version=GBWEb0297
Camada_Exposicao_API_Grupo_InboundVPN;master;https://accenturetim.visualstudio.com/WEB_VAS/WEB_VAS%20Team/_git/Camada_Exposicao_API_Grupo_InboundVPN?_a=contents&version=GBmaster
TIM_Components_customerService;master;https://accenturetim.visualstudio.com/WEB_VAS/WEB_VAS%20Team/_git/TIM_Components_customerService?_a=contents&version=GBmaster
MeuTIM_pweb-portlet-consultaPromocoesAtivas;master;https://accenturetim.visualstudio.com/WEB_VAS/WEB_VAS%20Team/_git/MeuTIM_pweb-portlet-consultaPromocoesAtivas?_a=contents&version=GBmaster
Servicos_ManagerInterestsWS;WEB0232;https://accenturetim.visualstudio.com/WEB_VAS/WEB_VAS%20Team/_git/Servicos_ManagerInterestsWS?_a=contents&version=GBWEB0232
Servicos_ManagerInterestsWS;master;https://accenturetim.visualstudio.com/WEB_VAS/WEB_VAS%20Team/_git/Servicos_ManagerInterestsWS?_a=contents&version=GBmaster
VAS_OCSG_Batch;master;https://accenturetim.visualstudio.com/WEB_VAS/WEB_VAS%20Team/_git/VAS_OCSG_Batch?_a=contents&version=GBmaster
TIM_Components_balanceManagement;master;https://accenturetim.visualstudio.com/WEB_VAS/WEB_VAS%20Team/_git/TIM_Components_balanceManagement?_a=contents&version=GBmaster
MeuTIM_pweb-portlet-AparelhoUsuario;master;https://accenturetim.visualstudio.com/WEB_VAS/WEB_VAS%20Team/_git/MeuTIM_pweb-portlet-AparelhoUsuario?_a=contents&version=GBmaster
MeuTIM_pweb-portlet-cancelarAssinatura;master;https://accenturetim.visualstudio.com/WEB_VAS/WEB_VAS%20Team/_git/MeuTIM_pweb-portlet-cancelarAssinatura?_a=contents&version=GBmaster
MeuTIM_pweb-portlet-promocoes;WEB0326;https://accenturetim.visualstudio.com/WEB_VAS/WEB_VAS%20Team/_git/MeuTIM_pweb-portlet-promocoes?_a=contents&version=GBWEB0326
MeuTIM_pweb-portlet-promocoes;master;https://accenturetim.visualstudio.com/WEB_VAS/WEB_VAS%20Team/_git/MeuTIM_pweb-portlet-promocoes?_a=contents&version=GBmaster
TIM_Components_Captcha;master;https://accenturetim.visualstudio.com/WEB_VAS/WEB_VAS%20Team/_git/TIM_Components_Captcha?_a=contents&version=GBmaster
POCs;development;https://accenturetim.visualstudio.com/WEB_VAS/WEB_VAS%20Team/_git/POCs?_a=contents&version=GBdevelopment
POCs;feature;https://accenturetim.visualstudio.com/WEB_VAS/WEB_VAS%20Team/_git/POCs?_a=contents&version=GBfeature
POCs;fqa;https://accenturetim.visualstudio.com/WEB_VAS/WEB_VAS%20Team/_git/POCs?_a=contents&version=GBfqa
POCs;master;https://accenturetim.visualstudio.com/WEB_VAS/WEB_VAS%20Team/_git/POCs?_a=contents&version=GBmaster
Treinamento;B7;https://accenturetim.visualstudio.com/WEB_VAS/WEB_VAS%20Team/_git/Treinamento?_a=contents&version=GBB7
Treinamento;TESTE2;https://accenturetim.visualstudio.com/WEB_VAS/WEB_VAS%20Team/_git/Treinamento?_a=contents&version=GBTESTE2
Treinamento;master;https://accenturetim.visualstudio.com/WEB_VAS/WEB_VAS%20Team/_git/Treinamento?_a=contents&version=GBmaster
OAM_AccessControlV2;BUG120797;https://accenturetim.visualstudio.com/WEB_VAS/WEB_VAS%20Team/_git/OAM_AccessControlV2?_a=contents&version=GBBUG120797
OAM_AccessControlV2;SDN347429_feature_clientId;https://accenturetim.visualstudio.com/WEB_VAS/WEB_VAS%20Team/_git/OAM_AccessControlV2?_a=contents&version=GBSDN347429_feature_clientId
OAM_AccessControlV2;SDN349511_feature_work_manager;https://accenturetim.visualstudio.com/WEB_VAS/WEB_VAS%20Team/_git/OAM_AccessControlV2?_a=contents&version=GBSDN349511_feature_work_manager
OAM_AccessControlV2;SDNXXXXX_feature_redirect_on_logout;https://accenturetim.visualstudio.com/WEB_VAS/WEB_VAS%20Team/_git/OAM_AccessControlV2?_a=contents&version=GBSDNXXXXX_feature_redirect_on_logout
OAM_AccessControlV2;WEB0237;https://accenturetim.visualstudio.com/WEB_VAS/WEB_VAS%20Team/_git/OAM_AccessControlV2?_a=contents&version=GBWEB0237
OAM_AccessControlV2;WEB0336_feature_remover_iframe;https://accenturetim.visualstudio.com/WEB_VAS/WEB_VAS%20Team/_git/OAM_AccessControlV2?_a=contents&version=GBWEB0336_feature_remover_iframe
OAM_AccessControlV2;development;https://accenturetim.visualstudio.com/WEB_VAS/WEB_VAS%20Team/_git/OAM_AccessControlV2?_a=contents&version=GBdevelopment
OAM_AccessControlV2;feature_workManager;https://accenturetim.visualstudio.com/WEB_VAS/WEB_VAS%20Team/_git/OAM_AccessControlV2?_a=contents&version=GBfeature_workManager
OAM_AccessControlV2;fqa;https://accenturetim.visualstudio.com/WEB_VAS/WEB_VAS%20Team/_git/OAM_AccessControlV2?_a=contents&version=GBfqa
OAM_AccessControlV2;master;https://accenturetim.visualstudio.com/WEB_VAS/WEB_VAS%20Team/_git/OAM_AccessControlV2?_a=contents&version=GBmaster
MeuTIM_pweb-portlet-meuAparelho;master;https://accenturetim.visualstudio.com/WEB_VAS/WEB_VAS%20Team/_git/MeuTIM_pweb-portlet-meuAparelho?_a=contents&version=GBmaster
TIM_Components_nakedSim;DEV_Integracao;https://accenturetim.visualstudio.com/WEB_VAS/WEB_VAS%20Team/_git/TIM_Components_nakedSim?_a=contents&version=GBDEV_Integracao
TIM_Components_nakedSim;FQA_Integracao;https://accenturetim.visualstudio.com/WEB_VAS/WEB_VAS%20Team/_git/TIM_Components_nakedSim?_a=contents&version=GBFQA_Integracao
TIM_Components_nakedSim;TIR338673;https://accenturetim.visualstudio.com/WEB_VAS/WEB_VAS%20Team/_git/TIM_Components_nakedSim?_a=contents&version=GBTIR338673
TIM_Components_nakedSim;WEB0178_2;https://accenturetim.visualstudio.com/WEB_VAS/WEB_VAS%20Team/_git/TIM_Components_nakedSim?_a=contents&version=GBWEB0178_2
TIM_Components_nakedSim;WEB0187;https://accenturetim.visualstudio.com/WEB_VAS/WEB_VAS%20Team/_git/TIM_Components_nakedSim?_a=contents&version=GBWEB0187
TIM_Components_nakedSim;WEB0204;https://accenturetim.visualstudio.com/WEB_VAS/WEB_VAS%20Team/_git/TIM_Components_nakedSim?_a=contents&version=GBWEB0204
TIM_Components_nakedSim;WEB0205;https://accenturetim.visualstudio.com/WEB_VAS/WEB_VAS%20Team/_git/TIM_Components_nakedSim?_a=contents&version=GBWEB0205
TIM_Components_nakedSim;WEB0206;https://accenturetim.visualstudio.com/WEB_VAS/WEB_VAS%20Team/_git/TIM_Components_nakedSim?_a=contents&version=GBWEB0206
TIM_Components_nakedSim;master;https://accenturetim.visualstudio.com/WEB_VAS/WEB_VAS%20Team/_git/TIM_Components_nakedSim?_a=contents&version=GBmaster
poc-api-gateway-config-server;master;https://accenturetim.visualstudio.com/WEB_VAS/WEB_VAS%20Team/_git/poc-api-gateway-config-server?_a=contents&version=GBmaster
OAM_WebappResetSenha;WEB0049;https://accenturetim.visualstudio.com/WEB_VAS/WEB_VAS%20Team/_git/OAM_WebappResetSenha?_a=contents&version=GBWEB0049
OAM_WebappResetSenha;WEB0301_feature_captivelayout;https://accenturetim.visualstudio.com/WEB_VAS/WEB_VAS%20Team/_git/OAM_WebappResetSenha?_a=contents&version=GBWEB0301_feature_captivelayout
OAM_WebappResetSenha;WEB0350_feature_ga_tags;https://accenturetim.visualstudio.com/WEB_VAS/WEB_VAS%20Team/_git/OAM_WebappResetSenha?_a=contents&version=GBWEB0350_feature_ga_tags
OAM_WebappResetSenha;development;https://accenturetim.visualstudio.com/WEB_VAS/WEB_VAS%20Team/_git/OAM_WebappResetSenha?_a=contents&version=GBdevelopment
OAM_WebappResetSenha;feature-TelaResetSenha;https://accenturetim.visualstudio.com/WEB_VAS/WEB_VAS%20Team/_git/OAM_WebappResetSenha?_a=contents&version=GBfeature-TelaResetSenha
OAM_WebappResetSenha;master;https://accenturetim.visualstudio.com/WEB_VAS/WEB_VAS%20Team/_git/OAM_WebappResetSenha?_a=contents&version=GBmaster
TIM_Components_Aptilo;master;https://accenturetim.visualstudio.com/WEB_VAS/WEB_VAS%20Team/_git/TIM_Components_Aptilo?_a=contents&version=GBmaster
Camada_Exposição_API_WSO2;master;https://accenturetim.visualstudio.com/WEB_VAS/WEB_VAS%20Team/_git/Camada_Exposição_API_WSO2?_a=contents&version=GBmaster
MeuTIM_pweb-portlet-meuPlano;SDN349137;https://accenturetim.visualstudio.com/WEB_VAS/WEB_VAS%20Team/_git/MeuTIM_pweb-portlet-meuPlano?_a=contents&version=GBSDN349137
MeuTIM_pweb-portlet-meuPlano;WEB0129;https://accenturetim.visualstudio.com/WEB_VAS/WEB_VAS%20Team/_git/MeuTIM_pweb-portlet-meuPlano?_a=contents&version=GBWEB0129
MeuTIM_pweb-portlet-meuPlano;WEB0207;https://accenturetim.visualstudio.com/WEB_VAS/WEB_VAS%20Team/_git/MeuTIM_pweb-portlet-meuPlano?_a=contents&version=GBWEB0207
MeuTIM_pweb-portlet-meuPlano;WEB0313;https://accenturetim.visualstudio.com/WEB_VAS/WEB_VAS%20Team/_git/MeuTIM_pweb-portlet-meuPlano?_a=contents&version=GBWEB0313
MeuTIM_pweb-portlet-meuPlano;master;https://accenturetim.visualstudio.com/WEB_VAS/WEB_VAS%20Team/_git/MeuTIM_pweb-portlet-meuPlano?_a=contents&version=GBmaster
MeuTIM_acc-portlet-promocaoplugins;master;https://accenturetim.visualstudio.com/WEB_VAS/WEB_VAS%20Team/_git/MeuTIM_acc-portlet-promocaoplugins?_a=contents&version=GBmaster
MeuTIM_pweb-portlet-notificacaoConsumo;master;https://accenturetim.visualstudio.com/WEB_VAS/WEB_VAS%20Team/_git/MeuTIM_pweb-portlet-notificacaoConsumo?_a=contents&version=GBmaster
Servicos_imdb;WEB0077;https://accenturetim.visualstudio.com/WEB_VAS/WEB_VAS%20Team/_git/Servicos_imdb?_a=contents&version=GBWEB0077
MeuTIM_pweb-portlet-identificadorDeChamadas;master;https://accenturetim.visualstudio.com/WEB_VAS/WEB_VAS%20Team/_git/MeuTIM_pweb-portlet-identificadorDeChamadas?_a=contents&version=GBmaster
TIM_Components_Parent;master;https://accenturetim.visualstudio.com/WEB_VAS/WEB_VAS%20Team/_git/TIM_Components_Parent?_a=contents&version=GBmaster
OAM_OAuth;development;https://accenturetim.visualstudio.com/WEB_VAS/WEB_VAS%20Team/_git/OAM_OAuth?_a=contents&version=GBdevelopment
OAM_OAuth;feature-nova-tela;https://accenturetim.visualstudio.com/WEB_VAS/WEB_VAS%20Team/_git/OAM_OAuth?_a=contents&version=GBfeature-nova-tela
OAM_OAuth;fqa;https://accenturetim.visualstudio.com/WEB_VAS/WEB_VAS%20Team/_git/OAM_OAuth?_a=contents&version=GBfqa
OAM_OAuth;master;https://accenturetim.visualstudio.com/WEB_VAS/WEB_VAS%20Team/_git/OAM_OAuth?_a=contents&version=GBmaster
Portal_Internet_pweb-content-portal;WEB0003;https://accenturetim.visualstudio.com/WEB_VAS/WEB_VAS%20Team/_git/Portal_Internet_pweb-content-portal?_a=contents&version=GBWEB0003
Portal_Internet_pweb-content-portal;WEB0184;https://accenturetim.visualstudio.com/WEB_VAS/WEB_VAS%20Team/_git/Portal_Internet_pweb-content-portal?_a=contents&version=GBWEB0184
Portal_Internet_pweb-content-portal;WEB0200;https://accenturetim.visualstudio.com/WEB_VAS/WEB_VAS%20Team/_git/Portal_Internet_pweb-content-portal?_a=contents&version=GBWEB0200
Portal_Internet_pweb-content-portal;WEB0285;https://accenturetim.visualstudio.com/WEB_VAS/WEB_VAS%20Team/_git/Portal_Internet_pweb-content-portal?_a=contents&version=GBWEB0285
Portal_Internet_pweb-content-portal;master;https://accenturetim.visualstudio.com/WEB_VAS/WEB_VAS%20Team/_git/Portal_Internet_pweb-content-portal?_a=contents&version=GBmaster
poc-api-microservice;master;https://accenturetim.visualstudio.com/WEB_VAS/WEB_VAS%20Team/_git/poc-api-microservice?_a=contents&version=GBmaster
poc-api-microservice;rodolfo;https://accenturetim.visualstudio.com/WEB_VAS/WEB_VAS%20Team/_git/poc-api-microservice?_a=contents&version=GBrodolfo
MeuTIM_pweb-portlet-alterarSenha;master;https://accenturetim.visualstudio.com/WEB_VAS/WEB_VAS%20Team/_git/MeuTIM_pweb-portlet-alterarSenha?_a=contents&version=GBmaster
MeuTIM_pweb-portlet-teLigou;master;https://accenturetim.visualstudio.com/WEB_VAS/WEB_VAS%20Team/_git/MeuTIM_pweb-portlet-teLigou?_a=contents&version=GBmaster
MeuTIM_pweb-portlet-consultaHistoricoOperacoes;TIR339972;https://accenturetim.visualstudio.com/WEB_VAS/WEB_VAS%20Team/_git/MeuTIM_pweb-portlet-consultaHistoricoOperacoes?_a=contents&version=GBTIR339972
MeuTIM_pweb-portlet-consultaHistoricoOperacoes;master;https://accenturetim.visualstudio.com/WEB_VAS/WEB_VAS%20Team/_git/MeuTIM_pweb-portlet-consultaHistoricoOperacoes?_a=contents&version=GBmaster
OAM_RetrieveSubscriptionWS;WEB0258;https://accenturetim.visualstudio.com/WEB_VAS/WEB_VAS%20Team/_git/OAM_RetrieveSubscriptionWS?_a=contents&version=GBWEB0258
OAM_RetrieveSubscriptionWS;master;https://accenturetim.visualstudio.com/WEB_VAS/WEB_VAS%20Team/_git/OAM_RetrieveSubscriptionWS?_a=contents&version=GBmaster
Toolbox;master;https://accenturetim.visualstudio.com/WEB_VAS/WEB_VAS%20Team/_git/Toolbox?_a=contents&version=GBmaster
TIM_Components_user;WEB0146;https://accenturetim.visualstudio.com/WEB_VAS/WEB_VAS%20Team/_git/TIM_Components_user?_a=contents&version=GBWEB0146
TIM_Components_user;WEB0177;https://accenturetim.visualstudio.com/WEB_VAS/WEB_VAS%20Team/_git/TIM_Components_user?_a=contents&version=GBWEB0177
TIM_Components_user;master;https://accenturetim.visualstudio.com/WEB_VAS/WEB_VAS%20Team/_git/TIM_Components_user?_a=contents&version=GBmaster
OAM_CaptiveOauth;WEB0301_feature_loginCaptcha;https://accenturetim.visualstudio.com/WEB_VAS/WEB_VAS%20Team/_git/OAM_CaptiveOauth?_a=contents&version=GBWEB0301_feature_loginCaptcha
OAM_CaptiveOauth;WEB0350_feature_ga_tags;https://accenturetim.visualstudio.com/WEB_VAS/WEB_VAS%20Team/_git/OAM_CaptiveOauth?_a=contents&version=GBWEB0350_feature_ga_tags
OAM_CaptiveOauth;development;https://accenturetim.visualstudio.com/WEB_VAS/WEB_VAS%20Team/_git/OAM_CaptiveOauth?_a=contents&version=GBdevelopment
OAM_CaptiveOauth;fqa;https://accenturetim.visualstudio.com/WEB_VAS/WEB_VAS%20Team/_git/OAM_CaptiveOauth?_a=contents&version=GBfqa
OAM_CaptiveOauth;master;https://accenturetim.visualstudio.com/WEB_VAS/WEB_VAS%20Team/_git/OAM_CaptiveOauth?_a=contents&version=GBmaster
MeuTIM_pweb-portlet-saldoInfoPrePago;master;https://accenturetim.visualstudio.com/WEB_VAS/WEB_VAS%20Team/_git/MeuTIM_pweb-portlet-saldoInfoPrePago?_a=contents&version=GBmaster
Varejo_RBAC_PCS;DEV_Integracao;https://accenturetim.visualstudio.com/WEB_VAS/WEB_VAS%20Team/_git/Varejo_RBAC_PCS?_a=contents&version=GBDEV_Integracao
Varejo_RBAC_PCS;FQA_Integracao;https://accenturetim.visualstudio.com/WEB_VAS/WEB_VAS%20Team/_git/Varejo_RBAC_PCS?_a=contents&version=GBFQA_Integracao
Varejo_RBAC_PCS;SDN343979;https://accenturetim.visualstudio.com/WEB_VAS/WEB_VAS%20Team/_git/Varejo_RBAC_PCS?_a=contents&version=GBSDN343979
Varejo_RBAC_PCS;WEB0113;https://accenturetim.visualstudio.com/WEB_VAS/WEB_VAS%20Team/_git/Varejo_RBAC_PCS?_a=contents&version=GBWEB0113
Varejo_RBAC_PCS;master;https://accenturetim.visualstudio.com/WEB_VAS/WEB_VAS%20Team/_git/Varejo_RBAC_PCS?_a=contents&version=GBmaster
MeuTIM_pweb-portlet-consultaSaldo;TIM2591;https://accenturetim.visualstudio.com/WEB_VAS/WEB_VAS%20Team/_git/MeuTIM_pweb-portlet-consultaSaldo?_a=contents&version=GBTIM2591
MeuTIM_pweb-portlet-consultaSaldo;master;https://accenturetim.visualstudio.com/WEB_VAS/WEB_VAS%20Team/_git/MeuTIM_pweb-portlet-consultaSaldo?_a=contents&version=GBmaster
TIM_Components_device;master;https://accenturetim.visualstudio.com/WEB_VAS/WEB_VAS%20Team/_git/TIM_Components_device?_a=contents&version=GBmaster
MeuTIM_pweb-portlet-caixaPostal;master;https://accenturetim.visualstudio.com/WEB_VAS/WEB_VAS%20Team/_git/MeuTIM_pweb-portlet-caixaPostal?_a=contents&version=GBmaster
WSO2;master;https://accenturetim.visualstudio.com/WEB_VAS/WEB_VAS%20Team/_git/WSO2?_a=contents&version=GBmaster
MeuTIM_pweb-portlet-autoConfiguracao;master;https://accenturetim.visualstudio.com/WEB_VAS/WEB_VAS%20Team/_git/MeuTIM_pweb-portlet-autoConfiguracao?_a=contents&version=GBmaster
Servicos_VCM_traducaocanalvcm;master;https://accenturetim.visualstudio.com/WEB_VAS/WEB_VAS%20Team/_git/Servicos_VCM_traducaocanalvcm?_a=contents&version=GBmaster
Varejo_Services;DEV_Integracao;https://accenturetim.visualstudio.com/WEB_VAS/WEB_VAS%20Team/_git/Varejo_Services?_a=contents&version=GBDEV_Integracao
Varejo_Services;FQA_Integracao;https://accenturetim.visualstudio.com/WEB_VAS/WEB_VAS%20Team/_git/Varejo_Services?_a=contents&version=GBFQA_Integracao
Varejo_Services;WEB0113;https://accenturetim.visualstudio.com/WEB_VAS/WEB_VAS%20Team/_git/Varejo_Services?_a=contents&version=GBWEB0113
Varejo_Services;WEB0120;https://accenturetim.visualstudio.com/WEB_VAS/WEB_VAS%20Team/_git/Varejo_Services?_a=contents&version=GBWEB0120
Varejo_Services;WEB0139;https://accenturetim.visualstudio.com/WEB_VAS/WEB_VAS%20Team/_git/Varejo_Services?_a=contents&version=GBWEB0139
Varejo_Services;WEB0139_FASE2;https://accenturetim.visualstudio.com/WEB_VAS/WEB_VAS%20Team/_git/Varejo_Services?_a=contents&version=GBWEB0139_FASE2
Varejo_Services;WEB0158;https://accenturetim.visualstudio.com/WEB_VAS/WEB_VAS%20Team/_git/Varejo_Services?_a=contents&version=GBWEB0158
Varejo_Services;master;https://accenturetim.visualstudio.com/WEB_VAS/WEB_VAS%20Team/_git/Varejo_Services?_a=contents&version=GBmaster
Portal_Internet_pweb-services-ext-threeTierWidget;master;https://accenturetim.visualstudio.com/WEB_VAS/WEB_VAS%20Team/_git/Portal_Internet_pweb-services-ext-threeTierWidget?_a=contents&version=GBmaster
Servicos_pwifi-ws;master;https://accenturetim.visualstudio.com/WEB_VAS/WEB_VAS%20Team/_git/Servicos_pwifi-ws?_a=contents&version=GBmaster
OAAM_Extension;WEB0237;https://accenturetim.visualstudio.com/WEB_VAS/WEB_VAS%20Team/_git/OAAM_Extension?_a=contents&version=GBWEB0237
OAAM_Extension;master;https://accenturetim.visualstudio.com/WEB_VAS/WEB_VAS%20Team/_git/OAAM_Extension?_a=contents&version=GBmaster
FiberOauth;SDN347159;https://accenturetim.visualstudio.com/WEB_VAS/WEB_VAS%20Team/_git/FiberOauth?_a=contents&version=GBSDN347159
FiberOauth;development;https://accenturetim.visualstudio.com/WEB_VAS/WEB_VAS%20Team/_git/FiberOauth?_a=contents&version=GBdevelopment
FiberOauth;master;https://accenturetim.visualstudio.com/WEB_VAS/WEB_VAS%20Team/_git/FiberOauth?_a=contents&version=GBmaster
Varejo_Commons;DEV_Integracao;https://accenturetim.visualstudio.com/WEB_VAS/WEB_VAS%20Team/_git/Varejo_Commons?_a=contents&version=GBDEV_Integracao
Varejo_Commons;FQA_Integracao;https://accenturetim.visualstudio.com/WEB_VAS/WEB_VAS%20Team/_git/Varejo_Commons?_a=contents&version=GBFQA_Integracao
Varejo_Commons;WEB0113;https://accenturetim.visualstudio.com/WEB_VAS/WEB_VAS%20Team/_git/Varejo_Commons?_a=contents&version=GBWEB0113
Varejo_Commons;WEB0120;https://accenturetim.visualstudio.com/WEB_VAS/WEB_VAS%20Team/_git/Varejo_Commons?_a=contents&version=GBWEB0120
Varejo_Commons;WEB0139;https://accenturetim.visualstudio.com/WEB_VAS/WEB_VAS%20Team/_git/Varejo_Commons?_a=contents&version=GBWEB0139
Varejo_Commons;WEB0139_FASE1;https://accenturetim.visualstudio.com/WEB_VAS/WEB_VAS%20Team/_git/Varejo_Commons?_a=contents&version=GBWEB0139_FASE1
Varejo_Commons;WEB0139_FASE1.2;https://accenturetim.visualstudio.com/WEB_VAS/WEB_VAS%20Team/_git/Varejo_Commons?_a=contents&version=GBWEB0139_FASE1.2
Varejo_Commons;WEB0139_FASE2;https://accenturetim.visualstudio.com/WEB_VAS/WEB_VAS%20Team/_git/Varejo_Commons?_a=contents&version=GBWEB0139_FASE2
Varejo_Commons;WEB0158;https://accenturetim.visualstudio.com/WEB_VAS/WEB_VAS%20Team/_git/Varejo_Commons?_a=contents&version=GBWEB0158
Varejo_Commons;master;https://accenturetim.visualstudio.com/WEB_VAS/WEB_VAS%20Team/_git/Varejo_Commons?_a=contents&version=GBmaster
TIM_Components_customerElegibility;WEB0326;https://accenturetim.visualstudio.com/WEB_VAS/WEB_VAS%20Team/_git/TIM_Components_customerElegibility?_a=contents&version=GBWEB0326
TIM_Components_customerElegibility;master;https://accenturetim.visualstudio.com/WEB_VAS/WEB_VAS%20Team/_git/TIM_Components_customerElegibility?_a=contents&version=GBmaster
TIM_Component_invoices;master;https://accenturetim.visualstudio.com/WEB_VAS/WEB_VAS%20Team/_git/TIM_Component_invoices?_a=contents&version=GBmaster
MeuTIM_acc-portlet-faletim;master;https://accenturetim.visualstudio.com/WEB_VAS/WEB_VAS%20Team/_git/MeuTIM_acc-portlet-faletim?_a=contents&version=GBmaster
WEB_VAS;master;https://accenturetim.visualstudio.com/WEB_VAS/WEB_VAS%20Team/_git/WEB_VAS?_a=contents&version=GBmaster
MeuTIM_pweb-portlet-ultimasSolicitacoes;master;https://accenturetim.visualstudio.com/WEB_VAS/WEB_VAS%20Team/_git/MeuTIM_pweb-portlet-ultimasSolicitacoes?_a=contents&version=GBmaster
MeuTIM_pweb-services-portal;WEB0003;https://accenturetim.visualstudio.com/WEB_VAS/WEB_VAS%20Team/_git/MeuTIM_pweb-services-portal?_a=contents&version=GBWEB0003
MeuTIM_pweb-services-portal;WEB0016;https://accenturetim.visualstudio.com/WEB_VAS/WEB_VAS%20Team/_git/MeuTIM_pweb-services-portal?_a=contents&version=GBWEB0016
MeuTIM_pweb-services-portal;WEB0116;https://accenturetim.visualstudio.com/WEB_VAS/WEB_VAS%20Team/_git/MeuTIM_pweb-services-portal?_a=contents&version=GBWEB0116
MeuTIM_pweb-services-portal;WEB0165;https://accenturetim.visualstudio.com/WEB_VAS/WEB_VAS%20Team/_git/MeuTIM_pweb-services-portal?_a=contents&version=GBWEB0165
MeuTIM_pweb-services-portal;WEB0177;https://accenturetim.visualstudio.com/WEB_VAS/WEB_VAS%20Team/_git/MeuTIM_pweb-services-portal?_a=contents&version=GBWEB0177
MeuTIM_pweb-services-portal;master;https://accenturetim.visualstudio.com/WEB_VAS/WEB_VAS%20Team/_git/MeuTIM_pweb-services-portal?_a=contents&version=GBmaster
Portal_Internet_pweb-dpm-util;master;https://accenturetim.visualstudio.com/WEB_VAS/WEB_VAS%20Team/_git/Portal_Internet_pweb-dpm-util?_a=contents&version=GBmaster
MeuTIM_ pweb-portlet-meusDados;master;https://accenturetim.visualstudio.com/WEB_VAS/WEB_VAS%20Team/_git/MeuTIM_ pweb-portlet-meusDados?_a=contents&version=GBmaster
MeuTIM_pweb-portlet-saldoInfoUltimaConta;SDN345499;https://accenturetim.visualstudio.com/WEB_VAS/WEB_VAS%20Team/_git/MeuTIM_pweb-portlet-saldoInfoUltimaConta?_a=contents&version=GBSDN345499
MeuTIM_pweb-portlet-saldoInfoUltimaConta;WEB0016;https://accenturetim.visualstudio.com/WEB_VAS/WEB_VAS%20Team/_git/MeuTIM_pweb-portlet-saldoInfoUltimaConta?_a=contents&version=GBWEB0016
MeuTIM_pweb-portlet-saldoInfoUltimaConta;WEB0111;https://accenturetim.visualstudio.com/WEB_VAS/WEB_VAS%20Team/_git/MeuTIM_pweb-portlet-saldoInfoUltimaConta?_a=contents&version=GBWEB0111
MeuTIM_pweb-portlet-saldoInfoUltimaConta;WEB0129;https://accenturetim.visualstudio.com/WEB_VAS/WEB_VAS%20Team/_git/MeuTIM_pweb-portlet-saldoInfoUltimaConta?_a=contents&version=GBWEB0129
MeuTIM_pweb-portlet-saldoInfoUltimaConta;WEB0155;https://accenturetim.visualstudio.com/WEB_VAS/WEB_VAS%20Team/_git/MeuTIM_pweb-portlet-saldoInfoUltimaConta?_a=contents&version=GBWEB0155
MeuTIM_pweb-portlet-saldoInfoUltimaConta;WEB0192;https://accenturetim.visualstudio.com/WEB_VAS/WEB_VAS%20Team/_git/MeuTIM_pweb-portlet-saldoInfoUltimaConta?_a=contents&version=GBWEB0192
MeuTIM_pweb-portlet-saldoInfoUltimaConta;WEB0193;https://accenturetim.visualstudio.com/WEB_VAS/WEB_VAS%20Team/_git/MeuTIM_pweb-portlet-saldoInfoUltimaConta?_a=contents&version=GBWEB0193
MeuTIM_pweb-portlet-saldoInfoUltimaConta;master;https://accenturetim.visualstudio.com/WEB_VAS/WEB_VAS%20Team/_git/MeuTIM_pweb-portlet-saldoInfoUltimaConta?_a=contents&version=GBmaster
MeuTIM_pweb-portlet-faleTimVoip;master;https://accenturetim.visualstudio.com/WEB_VAS/WEB_VAS%20Team/_git/MeuTIM_pweb-portlet-faleTimVoip?_a=contents&version=GBmaster
Portal_Internet_pweb-dpm-core;master;https://accenturetim.visualstudio.com/WEB_VAS/WEB_VAS%20Team/_git/Portal_Internet_pweb-dpm-core?_a=contents&version=GBmaster
MeuTIM_pweb-portlet-consumoParcial;WEB0044;https://accenturetim.visualstudio.com/WEB_VAS/WEB_VAS%20Team/_git/MeuTIM_pweb-portlet-consumoParcial?_a=contents&version=GBWEB0044
MeuTIM_pweb-portlet-consumoParcial;master;https://accenturetim.visualstudio.com/WEB_VAS/WEB_VAS%20Team/_git/MeuTIM_pweb-portlet-consumoParcial?_a=contents&version=GBmaster
TIM_Components_userConsumption;master;https://accenturetim.visualstudio.com/WEB_VAS/WEB_VAS%20Team/_git/TIM_Components_userConsumption?_a=contents&version=GBmaster
MeuTIM_pweb-portlet-oauth-appconfiguration;master;https://accenturetim.visualstudio.com/WEB_VAS/WEB_VAS%20Team/_git/MeuTIM_pweb-portlet-oauth-appconfiguration?_a=contents&version=GBmaster
MeuTIM_pweb-portlet-consultaExtratoPrePago;WEB0009;https://accenturetim.visualstudio.com/WEB_VAS/WEB_VAS%20Team/_git/MeuTIM_pweb-portlet-consultaExtratoPrePago?_a=contents&version=GBWEB0009
MeuTIM_pweb-portlet-consultaExtratoPrePago;WEB0173;https://accenturetim.visualstudio.com/WEB_VAS/WEB_VAS%20Team/_git/MeuTIM_pweb-portlet-consultaExtratoPrePago?_a=contents&version=GBWEB0173
MeuTIM_pweb-portlet-consultaExtratoPrePago;WEB0209;https://accenturetim.visualstudio.com/WEB_VAS/WEB_VAS%20Team/_git/MeuTIM_pweb-portlet-consultaExtratoPrePago?_a=contents&version=GBWEB0209
MeuTIM_pweb-portlet-consultaExtratoPrePago;master;https://accenturetim.visualstudio.com/WEB_VAS/WEB_VAS%20Team/_git/MeuTIM_pweb-portlet-consultaExtratoPrePago?_a=contents&version=GBmaster
Portal_Internet_pweb-vcm-core;WEB0190;https://accenturetim.visualstudio.com/WEB_VAS/WEB_VAS%20Team/_git/Portal_Internet_pweb-vcm-core?_a=contents&version=GBWEB0190
Portal_Internet_pweb-vcm-core;master;https://accenturetim.visualstudio.com/WEB_VAS/WEB_VAS%20Team/_git/Portal_Internet_pweb-vcm-core?_a=contents&version=GBmaster
Common_pweb-vap-util;master;https://accenturetim.visualstudio.com/WEB_VAS/WEB_VAS%20Team/_git/Common_pweb-vap-util?_a=contents&version=GBmaster
poc-api-ms;master;https://accenturetim.visualstudio.com/WEB_VAS/WEB_VAS%20Team/_git/poc-api-ms?_a=contents&version=GBmaster
poc-api-ms;rodolfo;https://accenturetim.visualstudio.com/WEB_VAS/WEB_VAS%20Team/_git/poc-api-ms?_a=contents&version=GBrodolfo
poc-api-ms;valezin;https://accenturetim.visualstudio.com/WEB_VAS/WEB_VAS%20Team/_git/poc-api-ms?_a=contents&version=GBvalezin
MeuTIM_ pweb-portlet-saldoInfoPrePago;master;https://accenturetim.visualstudio.com/WEB_VAS/WEB_VAS%20Team/_git/MeuTIM_ pweb-portlet-saldoInfoPrePago?_a=contents&version=GBmaster
MeuTIM_pweb-portlet-consultaProtocolo;TIR339972;https://accenturetim.visualstudio.com/WEB_VAS/WEB_VAS%20Team/_git/MeuTIM_pweb-portlet-consultaProtocolo?_a=contents&version=GBTIR339972
MeuTIM_pweb-portlet-consultaProtocolo;master;https://accenturetim.visualstudio.com/WEB_VAS/WEB_VAS%20Team/_git/MeuTIM_pweb-portlet-consultaProtocolo?_a=contents&version=GBmaster
Portal_Internet_pweb-vcm-service;TIM2591;https://accenturetim.visualstudio.com/WEB_VAS/WEB_VAS%20Team/_git/Portal_Internet_pweb-vcm-service?_a=contents&version=GBTIM2591
Portal_Internet_pweb-vcm-service;master;https://accenturetim.visualstudio.com/WEB_VAS/WEB_VAS%20Team/_git/Portal_Internet_pweb-vcm-service?_a=contents&version=GBmaster
TIM_Components_ProfileFull;WEB0241;https://accenturetim.visualstudio.com/WEB_VAS/WEB_VAS%20Team/_git/TIM_Components_ProfileFull?_a=contents&version=GBWEB0241
TIM_Components_ProfileFull;WEB0284;https://accenturetim.visualstudio.com/WEB_VAS/WEB_VAS%20Team/_git/TIM_Components_ProfileFull?_a=contents&version=GBWEB0284
TIM_Components_ProfileFull;master;https://accenturetim.visualstudio.com/WEB_VAS/WEB_VAS%20Team/_git/TIM_Components_ProfileFull?_a=contents&version=GBmaster
MeuTIM_pweb-portlet-blockUnblockDevice;master;https://accenturetim.visualstudio.com/WEB_VAS/WEB_VAS%20Team/_git/MeuTIM_pweb-portlet-blockUnblockDevice?_a=contents&version=GBmaster
MeuTIM_pweb-portlet-boxConsumoSMS;master;https://accenturetim.visualstudio.com/WEB_VAS/WEB_VAS%20Team/_git/MeuTIM_pweb-portlet-boxConsumoSMS?_a=contents&version=GBmaster
TIM_Components_portability;master;https://accenturetim.visualstudio.com/WEB_VAS/WEB_VAS%20Team/_git/TIM_Components_portability?_a=contents&version=GBmaster
MeuTIM_pweb-portlet-gestorWeb;WEB0092;https://accenturetim.visualstudio.com/WEB_VAS/WEB_VAS%20Team/_git/MeuTIM_pweb-portlet-gestorWeb?_a=contents&version=GBWEB0092
MeuTIM_pweb-portlet-gestorWeb;master;https://accenturetim.visualstudio.com/WEB_VAS/WEB_VAS%20Team/_git/MeuTIM_pweb-portlet-gestorWeb?_a=contents&version=GBmaster
PWEB_Commons_Core;WEB0177;https://accenturetim.visualstudio.com/WEB_VAS/WEB_VAS%20Team/_git/PWEB_Commons_Core?_a=contents&version=GBWEB0177
PWEB_Commons_Core;WEB0188;https://accenturetim.visualstudio.com/WEB_VAS/WEB_VAS%20Team/_git/PWEB_Commons_Core?_a=contents&version=GBWEB0188
PWEB_Commons_Core;master;https://accenturetim.visualstudio.com/WEB_VAS/WEB_VAS%20Team/_git/PWEB_Commons_Core?_a=contents&version=GBmaster
Camada_Exposicao_API_Grupo_OutboundVPN;WEB0122;https://accenturetim.visualstudio.com/WEB_VAS/WEB_VAS%20Team/_git/Camada_Exposicao_API_Grupo_OutboundVPN?_a=contents&version=GBWEB0122
Camada_Exposicao_API_Grupo_OutboundVPN;WEB0296;https://accenturetim.visualstudio.com/WEB_VAS/WEB_VAS%20Team/_git/Camada_Exposicao_API_Grupo_OutboundVPN?_a=contents&version=GBWEB0296
Camada_Exposicao_API_Grupo_OutboundVPN;master;https://accenturetim.visualstudio.com/WEB_VAS/WEB_VAS%20Team/_git/Camada_Exposicao_API_Grupo_OutboundVPN?_a=contents&version=GBmaster
Camada_Exposicao_API_Grupo_Outbound;master;https://accenturetim.visualstudio.com/WEB_VAS/WEB_VAS%20Team/_git/Camada_Exposicao_API_Grupo_Outbound?_a=contents&version=GBmaster
Servicos_contentWS;DEV_Integracao;https://accenturetim.visualstudio.com/WEB_VAS/WEB_VAS%20Team/_git/Servicos_contentWS?_a=contents&version=GBDEV_Integracao
Servicos_contentWS;DSV_Interno;https://accenturetim.visualstudio.com/WEB_VAS/WEB_VAS%20Team/_git/Servicos_contentWS?_a=contents&version=GBDSV_Interno
Servicos_contentWS;FQA_Integracao;https://accenturetim.visualstudio.com/WEB_VAS/WEB_VAS%20Team/_git/Servicos_contentWS?_a=contents&version=GBFQA_Integracao
Servicos_contentWS;SDN341385;https://accenturetim.visualstudio.com/WEB_VAS/WEB_VAS%20Team/_git/Servicos_contentWS?_a=contents&version=GBSDN341385
Servicos_contentWS;TIR339154;https://accenturetim.visualstudio.com/WEB_VAS/WEB_VAS%20Team/_git/Servicos_contentWS?_a=contents&version=GBTIR339154
Servicos_contentWS;master;https://accenturetim.visualstudio.com/WEB_VAS/WEB_VAS%20Team/_git/Servicos_contentWS?_a=contents&version=GBmaster
Servicos_SMSGenericParser;master;https://accenturetim.visualstudio.com/WEB_VAS/WEB_VAS%20Team/_git/Servicos_SMSGenericParser?_a=contents&version=GBmaster
ConfigServer_Server;master;https://accenturetim.visualstudio.com/WEB_VAS/WEB_VAS%20Team/_git/ConfigServer_Server?_a=contents&version=GBmaster
valezin-server-config;master;https://accenturetim.visualstudio.com/WEB_VAS/WEB_VAS%20Team/_git/valezin-server-config?_a=contents&version=GBmaster
Portal_Captive_pcap-vcm-util;master;https://accenturetim.visualstudio.com/WEB_VAS/WEB_VAS%20Team/_git/Portal_Captive_pcap-vcm-util?_a=contents&version=GBmaster
ConfigServer_Client;master;https://accenturetim.visualstudio.com/WEB_VAS/WEB_VAS%20Team/_git/ConfigServer_Client?_a=contents&version=GBmaster
OAM_AccessControlCaptive;WEB0311_feature_login_sem_senha_captive;https://accenturetim.visualstudio.com/WEB_VAS/WEB_VAS%20Team/_git/OAM_AccessControlCaptive?_a=contents&version=GBWEB0311_feature_login_sem_senha_captive
OAM_AccessControlCaptive;development;https://accenturetim.visualstudio.com/WEB_VAS/WEB_VAS%20Team/_git/OAM_AccessControlCaptive?_a=contents&version=GBdevelopment
OAM_AccessControlCaptive;fqa;https://accenturetim.visualstudio.com/WEB_VAS/WEB_VAS%20Team/_git/OAM_AccessControlCaptive?_a=contents&version=GBfqa
OAM_AccessControlCaptive;master;https://accenturetim.visualstudio.com/WEB_VAS/WEB_VAS%20Team/_git/OAM_AccessControlCaptive?_a=contents&version=GBmaster
Portal_Captive;PRD_Integracao;https://accenturetim.visualstudio.com/WEB_VAS/WEB_VAS%20Team/_git/Portal_Captive?_a=contents&version=GBPRD_Integracao
Portal_Captive;WEB0077;https://accenturetim.visualstudio.com/WEB_VAS/WEB_VAS%20Team/_git/Portal_Captive?_a=contents&version=GBWEB0077
Portal_Captive;WEB0124_WEB0142;https://accenturetim.visualstudio.com/WEB_VAS/WEB_VAS%20Team/_git/Portal_Captive?_a=contents&version=GBWEB0124_WEB0142
Portal_Captive;WEB0197;https://accenturetim.visualstudio.com/WEB_VAS/WEB_VAS%20Team/_git/Portal_Captive?_a=contents&version=GBWEB0197
Portal_Captive;WEB0313;https://accenturetim.visualstudio.com/WEB_VAS/WEB_VAS%20Team/_git/Portal_Captive?_a=contents&version=GBWEB0313
Portal_Captive;master;https://accenturetim.visualstudio.com/WEB_VAS/WEB_VAS%20Team/_git/Portal_Captive?_a=contents&version=GBmaster
PWEB_Commons_Scripts;master;https://accenturetim.visualstudio.com/WEB_VAS/WEB_VAS%20Team/_git/PWEB_Commons_Scripts?_a=contents&version=GBmaster
MeuTIM_pweb-portlet-resgateGravacoes;master;https://accenturetim.visualstudio.com/WEB_VAS/WEB_VAS%20Team/_git/MeuTIM_pweb-portlet-resgateGravacoes?_a=contents&version=GBmaster
TIM_Components_customerInformationManagement;WEB0077;https://accenturetim.visualstudio.com/WEB_VAS/WEB_VAS%20Team/_git/TIM_Components_customerInformationManagement?_a=contents&version=GBWEB0077
TIM_Components_customerInformationManagement;WEB0080;https://accenturetim.visualstudio.com/WEB_VAS/WEB_VAS%20Team/_git/TIM_Components_customerInformationManagement?_a=contents&version=GBWEB0080
TIM_Components_customerInformationManagement;WEB0207;https://accenturetim.visualstudio.com/WEB_VAS/WEB_VAS%20Team/_git/TIM_Components_customerInformationManagement?_a=contents&version=GBWEB0207
TIM_Components_customerInformationManagement;master;https://accenturetim.visualstudio.com/WEB_VAS/WEB_VAS%20Team/_git/TIM_Components_customerInformationManagement?_a=contents&version=GBmaster
MeuTIM_pweb-portlet-perfilConsumo;WEB0116;https://accenturetim.visualstudio.com/WEB_VAS/WEB_VAS%20Team/_git/MeuTIM_pweb-portlet-perfilConsumo?_a=contents&version=GBWEB0116
MeuTIM_pweb-portlet-perfilConsumo;WEB0269;https://accenturetim.visualstudio.com/WEB_VAS/WEB_VAS%20Team/_git/MeuTIM_pweb-portlet-perfilConsumo?_a=contents&version=GBWEB0269
MeuTIM_pweb-portlet-perfilConsumo;master;https://accenturetim.visualstudio.com/WEB_VAS/WEB_VAS%20Team/_git/MeuTIM_pweb-portlet-perfilConsumo?_a=contents&version=GBmaster
MeuTIM_pweb-portlet-enviarCodigoBarras;WEB0155;https://accenturetim.visualstudio.com/WEB_VAS/WEB_VAS%20Team/_git/MeuTIM_pweb-portlet-enviarCodigoBarras?_a=contents&version=GBWEB0155
MeuTIM_pweb-portlet-enviarCodigoBarras;WEB0199;https://accenturetim.visualstudio.com/WEB_VAS/WEB_VAS%20Team/_git/MeuTIM_pweb-portlet-enviarCodigoBarras?_a=contents&version=GBWEB0199
MeuTIM_pweb-portlet-enviarCodigoBarras;master;https://accenturetim.visualstudio.com/WEB_VAS/WEB_VAS%20Team/_git/MeuTIM_pweb-portlet-enviarCodigoBarras?_a=contents&version=GBmaster
MeuTIM_novo-conta-web-portlet;WEB0002;https://accenturetim.visualstudio.com/WEB_VAS/WEB_VAS%20Team/_git/MeuTIM_novo-conta-web-portlet?_a=contents&version=GBWEB0002
MeuTIM_novo-conta-web-portlet;WEB0111;https://accenturetim.visualstudio.com/WEB_VAS/WEB_VAS%20Team/_git/MeuTIM_novo-conta-web-portlet?_a=contents&version=GBWEB0111
MeuTIM_novo-conta-web-portlet;WEB0112;https://accenturetim.visualstudio.com/WEB_VAS/WEB_VAS%20Team/_git/MeuTIM_novo-conta-web-portlet?_a=contents&version=GBWEB0112
MeuTIM_novo-conta-web-portlet;WEB0146;https://accenturetim.visualstudio.com/WEB_VAS/WEB_VAS%20Team/_git/MeuTIM_novo-conta-web-portlet?_a=contents&version=GBWEB0146
MeuTIM_novo-conta-web-portlet;master;https://accenturetim.visualstudio.com/WEB_VAS/WEB_VAS%20Team/_git/MeuTIM_novo-conta-web-portlet?_a=contents&version=GBmaster
MeuTIM_pweb-portlet-historicoReposicaoTIMChip;master;https://accenturetim.visualstudio.com/WEB_VAS/WEB_VAS%20Team/_git/MeuTIM_pweb-portlet-historicoReposicaoTIMChip?_a=contents&version=GBmaster
MeuTIM_acc-portlet-torpedoweb;master;https://accenturetim.visualstudio.com/WEB_VAS/WEB_VAS%20Team/_git/MeuTIM_acc-portlet-torpedoweb?_a=contents&version=GBmaster
MeuTIM_VAP;WEB0016;https://accenturetim.visualstudio.com/WEB_VAS/WEB_VAS%20Team/_git/MeuTIM_VAP?_a=contents&version=GBWEB0016
MeuTIM_VAP;WEB0112;https://accenturetim.visualstudio.com/WEB_VAS/WEB_VAS%20Team/_git/MeuTIM_VAP?_a=contents&version=GBWEB0112
MeuTIM_VAP;WEB0177;https://accenturetim.visualstudio.com/WEB_VAS/WEB_VAS%20Team/_git/MeuTIM_VAP?_a=contents&version=GBWEB0177
MeuTIM_VAP;master;https://accenturetim.visualstudio.com/WEB_VAS/WEB_VAS%20Team/_git/MeuTIM_VAP?_a=contents&version=GBmaster
DBConfig;master;https://accenturetim.visualstudio.com/WEB_VAS/WEB_VAS%20Team/_git/DBConfig?_a=contents&version=GBmaster
TIM_Components_infobus;TIR339972;https://accenturetim.visualstudio.com/WEB_VAS/WEB_VAS%20Team/_git/TIM_Components_infobus?_a=contents&version=GBTIR339972
TIM_Components_infobus;WEB0077;https://accenturetim.visualstudio.com/WEB_VAS/WEB_VAS%20Team/_git/TIM_Components_infobus?_a=contents&version=GBWEB0077
TIM_Components_infobus;WEB0080;https://accenturetim.visualstudio.com/WEB_VAS/WEB_VAS%20Team/_git/TIM_Components_infobus?_a=contents&version=GBWEB0080
TIM_Components_infobus;WEB0154;https://accenturetim.visualstudio.com/WEB_VAS/WEB_VAS%20Team/_git/TIM_Components_infobus?_a=contents&version=GBWEB0154
TIM_Components_infobus;master;https://accenturetim.visualstudio.com/WEB_VAS/WEB_VAS%20Team/_git/TIM_Components_infobus?_a=contents&version=GBmaster
TIM_Components_billingInquiry;master;https://accenturetim.visualstudio.com/WEB_VAS/WEB_VAS%20Team/_git/TIM_Components_billingInquiry?_a=contents&version=GBmaster
MeuTIM_pweb-portlet-cancelamentoCanaisTexto;WEB0083;https://accenturetim.visualstudio.com/WEB_VAS/WEB_VAS%20Team/_git/MeuTIM_pweb-portlet-cancelamentoCanaisTexto?_a=contents&version=GBWEB0083
MeuTIM_pweb-portlet-cancelamentoCanaisTexto;master;https://accenturetim.visualstudio.com/WEB_VAS/WEB_VAS%20Team/_git/MeuTIM_pweb-portlet-cancelamentoCanaisTexto?_a=contents&version=GBmaster
Prototypes;master;https://accenturetim.visualstudio.com/WEB_VAS/WEB_VAS%20Team/_git/Prototypes?_a=contents&version=GBmaster
TIM_Components_restClient;WEB0139;https://accenturetim.visualstudio.com/WEB_VAS/WEB_VAS%20Team/_git/TIM_Components_restClient?_a=contents&version=GBWEB0139
TIM_Components_restClient;WEB0284;https://accenturetim.visualstudio.com/WEB_VAS/WEB_VAS%20Team/_git/TIM_Components_restClient?_a=contents&version=GBWEB0284
TIM_Components_restClient;master;https://accenturetim.visualstudio.com/WEB_VAS/WEB_VAS%20Team/_git/TIM_Components_restClient?_a=contents&version=GBmaster
MeuTIM_pweb-gac;master;https://accenturetim.visualstudio.com/WEB_VAS/WEB_VAS%20Team/_git/MeuTIM_pweb-gac?_a=contents&version=GBmaster
MeuTIM_pweb-portlet-enviarSenha;master;https://accenturetim.visualstudio.com/WEB_VAS/WEB_VAS%20Team/_git/MeuTIM_pweb-portlet-enviarSenha?_a=contents&version=GBmaster
MeuTIM_pweb-portlet-destaquePersonalizado;master;https://accenturetim.visualstudio.com/WEB_VAS/WEB_VAS%20Team/_git/MeuTIM_pweb-portlet-destaquePersonalizado?_a=contents&version=GBmaster
TIM_Components_sendBarCode;master;https://accenturetim.visualstudio.com/WEB_VAS/WEB_VAS%20Team/_git/TIM_Components_sendBarCode?_a=contents&version=GBmaster
Camada_Exposicao_API_Grupo_Internet;SDN324291;https://accenturetim.visualstudio.com/WEB_VAS/WEB_VAS%20Team/_git/Camada_Exposicao_API_Grupo_Internet?_a=contents&version=GBSDN324291
Camada_Exposicao_API_Grupo_Internet;SDN327133;https://accenturetim.visualstudio.com/WEB_VAS/WEB_VAS%20Team/_git/Camada_Exposicao_API_Grupo_Internet?_a=contents&version=GBSDN327133
Camada_Exposicao_API_Grupo_Internet;SDN340621;https://accenturetim.visualstudio.com/WEB_VAS/WEB_VAS%20Team/_git/Camada_Exposicao_API_Grupo_Internet?_a=contents&version=GBSDN340621
Camada_Exposicao_API_Grupo_Internet;SDN341918;https://accenturetim.visualstudio.com/WEB_VAS/WEB_VAS%20Team/_git/Camada_Exposicao_API_Grupo_Internet?_a=contents&version=GBSDN341918
Camada_Exposicao_API_Grupo_Internet;SDN347429;https://accenturetim.visualstudio.com/WEB_VAS/WEB_VAS%20Team/_git/Camada_Exposicao_API_Grupo_Internet?_a=contents&version=GBSDN347429
Camada_Exposicao_API_Grupo_Internet;SDN350359;https://accenturetim.visualstudio.com/WEB_VAS/WEB_VAS%20Team/_git/Camada_Exposicao_API_Grupo_Internet?_a=contents&version=GBSDN350359
Camada_Exposicao_API_Grupo_Internet;SDN77006;https://accenturetim.visualstudio.com/WEB_VAS/WEB_VAS%20Team/_git/Camada_Exposicao_API_Grupo_Internet?_a=contents&version=GBSDN77006
Camada_Exposicao_API_Grupo_Internet;TIR327062;https://accenturetim.visualstudio.com/WEB_VAS/WEB_VAS%20Team/_git/Camada_Exposicao_API_Grupo_Internet?_a=contents&version=GBTIR327062
Camada_Exposicao_API_Grupo_Internet;WEB0069;https://accenturetim.visualstudio.com/WEB_VAS/WEB_VAS%20Team/_git/Camada_Exposicao_API_Grupo_Internet?_a=contents&version=GBWEB0069
Camada_Exposicao_API_Grupo_Internet;WEB0073;https://accenturetim.visualstudio.com/WEB_VAS/WEB_VAS%20Team/_git/Camada_Exposicao_API_Grupo_Internet?_a=contents&version=GBWEB0073
Camada_Exposicao_API_Grupo_Internet;WEB0073_WEB0075;https://accenturetim.visualstudio.com/WEB_VAS/WEB_VAS%20Team/_git/Camada_Exposicao_API_Grupo_Internet?_a=contents&version=GBWEB0073_WEB0075
Camada_Exposicao_API_Grupo_Internet;WEB0074;https://accenturetim.visualstudio.com/WEB_VAS/WEB_VAS%20Team/_git/Camada_Exposicao_API_Grupo_Internet?_a=contents&version=GBWEB0074
Camada_Exposicao_API_Grupo_Internet;WEB0075;https://accenturetim.visualstudio.com/WEB_VAS/WEB_VAS%20Team/_git/Camada_Exposicao_API_Grupo_Internet?_a=contents&version=GBWEB0075
Camada_Exposicao_API_Grupo_Internet;WEB0099;https://accenturetim.visualstudio.com/WEB_VAS/WEB_VAS%20Team/_git/Camada_Exposicao_API_Grupo_Internet?_a=contents&version=GBWEB0099
Camada_Exposicao_API_Grupo_Internet;WEB0105;https://accenturetim.visualstudio.com/WEB_VAS/WEB_VAS%20Team/_git/Camada_Exposicao_API_Grupo_Internet?_a=contents&version=GBWEB0105
Camada_Exposicao_API_Grupo_Internet;WEB0125_APIs_A;https://accenturetim.visualstudio.com/WEB_VAS/WEB_VAS%20Team/_git/Camada_Exposicao_API_Grupo_Internet?_a=contents&version=GBWEB0125_APIs_A
Camada_Exposicao_API_Grupo_Internet;WEB0125_APIs_B;https://accenturetim.visualstudio.com/WEB_VAS/WEB_VAS%20Team/_git/Camada_Exposicao_API_Grupo_Internet?_a=contents&version=GBWEB0125_APIs_B
Camada_Exposicao_API_Grupo_Internet;WEB0125_APIs_C;https://accenturetim.visualstudio.com/WEB_VAS/WEB_VAS%20Team/_git/Camada_Exposicao_API_Grupo_Internet?_a=contents&version=GBWEB0125_APIs_C
Camada_Exposicao_API_Grupo_Internet;WEB0125_B;https://accenturetim.visualstudio.com/WEB_VAS/WEB_VAS%20Team/_git/Camada_Exposicao_API_Grupo_Internet?_a=contents&version=GBWEB0125_B
Camada_Exposicao_API_Grupo_Internet;WEB0126;https://accenturetim.visualstudio.com/WEB_VAS/WEB_VAS%20Team/_git/Camada_Exposicao_API_Grupo_Internet?_a=contents&version=GBWEB0126
Camada_Exposicao_API_Grupo_Internet;WEB0131;https://accenturetim.visualstudio.com/WEB_VAS/WEB_VAS%20Team/_git/Camada_Exposicao_API_Grupo_Internet?_a=contents&version=GBWEB0131
Camada_Exposicao_API_Grupo_Internet;WEB0137;https://accenturetim.visualstudio.com/WEB_VAS/WEB_VAS%20Team/_git/Camada_Exposicao_API_Grupo_Internet?_a=contents&version=GBWEB0137
Camada_Exposicao_API_Grupo_Internet;WEB0143;https://accenturetim.visualstudio.com/WEB_VAS/WEB_VAS%20Team/_git/Camada_Exposicao_API_Grupo_Internet?_a=contents&version=GBWEB0143
Camada_Exposicao_API_Grupo_Internet;WEB0163;https://accenturetim.visualstudio.com/WEB_VAS/WEB_VAS%20Team/_git/Camada_Exposicao_API_Grupo_Internet?_a=contents&version=GBWEB0163
Camada_Exposicao_API_Grupo_Internet;WEB0195;https://accenturetim.visualstudio.com/WEB_VAS/WEB_VAS%20Team/_git/Camada_Exposicao_API_Grupo_Internet?_a=contents&version=GBWEB0195
Camada_Exposicao_API_Grupo_Internet;WEB0209;https://accenturetim.visualstudio.com/WEB_VAS/WEB_VAS%20Team/_git/Camada_Exposicao_API_Grupo_Internet?_a=contents&version=GBWEB0209
Camada_Exposicao_API_Grupo_Internet;WEB0216;https://accenturetim.visualstudio.com/WEB_VAS/WEB_VAS%20Team/_git/Camada_Exposicao_API_Grupo_Internet?_a=contents&version=GBWEB0216
Camada_Exposicao_API_Grupo_Internet;WEB0223;https://accenturetim.visualstudio.com/WEB_VAS/WEB_VAS%20Team/_git/Camada_Exposicao_API_Grupo_Internet?_a=contents&version=GBWEB0223
Camada_Exposicao_API_Grupo_Internet;WEB0224;https://accenturetim.visualstudio.com/WEB_VAS/WEB_VAS%20Team/_git/Camada_Exposicao_API_Grupo_Internet?_a=contents&version=GBWEB0224
Camada_Exposicao_API_Grupo_Internet;WEB0226;https://accenturetim.visualstudio.com/WEB_VAS/WEB_VAS%20Team/_git/Camada_Exposicao_API_Grupo_Internet?_a=contents&version=GBWEB0226
Camada_Exposicao_API_Grupo_Internet;WEB0231;https://accenturetim.visualstudio.com/WEB_VAS/WEB_VAS%20Team/_git/Camada_Exposicao_API_Grupo_Internet?_a=contents&version=GBWEB0231
Camada_Exposicao_API_Grupo_Internet;WEB0232;https://accenturetim.visualstudio.com/WEB_VAS/WEB_VAS%20Team/_git/Camada_Exposicao_API_Grupo_Internet?_a=contents&version=GBWEB0232
Camada_Exposicao_API_Grupo_Internet;WEB0238;https://accenturetim.visualstudio.com/WEB_VAS/WEB_VAS%20Team/_git/Camada_Exposicao_API_Grupo_Internet?_a=contents&version=GBWEB0238
Camada_Exposicao_API_Grupo_Internet;WEB0256;https://accenturetim.visualstudio.com/WEB_VAS/WEB_VAS%20Team/_git/Camada_Exposicao_API_Grupo_Internet?_a=contents&version=GBWEB0256
Camada_Exposicao_API_Grupo_Internet;WEB0278;https://accenturetim.visualstudio.com/WEB_VAS/WEB_VAS%20Team/_git/Camada_Exposicao_API_Grupo_Internet?_a=contents&version=GBWEB0278
Camada_Exposicao_API_Grupo_Internet;WEB0297;https://accenturetim.visualstudio.com/WEB_VAS/WEB_VAS%20Team/_git/Camada_Exposicao_API_Grupo_Internet?_a=contents&version=GBWEB0297
Camada_Exposicao_API_Grupo_Internet;WEB0299;https://accenturetim.visualstudio.com/WEB_VAS/WEB_VAS%20Team/_git/Camada_Exposicao_API_Grupo_Internet?_a=contents&version=GBWEB0299
Camada_Exposicao_API_Grupo_Internet;WEB0300;https://accenturetim.visualstudio.com/WEB_VAS/WEB_VAS%20Team/_git/Camada_Exposicao_API_Grupo_Internet?_a=contents&version=GBWEB0300
Camada_Exposicao_API_Grupo_Internet;WEB0333;https://accenturetim.visualstudio.com/WEB_VAS/WEB_VAS%20Team/_git/Camada_Exposicao_API_Grupo_Internet?_a=contents&version=GBWEB0333
Camada_Exposicao_API_Grupo_Internet;WEB0343;https://accenturetim.visualstudio.com/WEB_VAS/WEB_VAS%20Team/_git/Camada_Exposicao_API_Grupo_Internet?_a=contents&version=GBWEB0343
Camada_Exposicao_API_Grupo_Internet;WEB0353;https://accenturetim.visualstudio.com/WEB_VAS/WEB_VAS%20Team/_git/Camada_Exposicao_API_Grupo_Internet?_a=contents&version=GBWEB0353
Camada_Exposicao_API_Grupo_Internet;master;https://accenturetim.visualstudio.com/WEB_VAS/WEB_VAS%20Team/_git/Camada_Exposicao_API_Grupo_Internet?_a=contents&version=GBmaster
TIM_Components_analytics;WEB0112;https://accenturetim.visualstudio.com/WEB_VAS/WEB_VAS%20Team/_git/TIM_Components_analytics?_a=contents&version=GBWEB0112
TIM_Components_analytics;WEB0200;https://accenturetim.visualstudio.com/WEB_VAS/WEB_VAS%20Team/_git/TIM_Components_analytics?_a=contents&version=GBWEB0200
TIM_Components_analytics;master;https://accenturetim.visualstudio.com/WEB_VAS/WEB_VAS%20Team/_git/TIM_Components_analytics?_a=contents&version=GBmaster
Servicos_ResumoDadosWS;master;https://accenturetim.visualstudio.com/WEB_VAS/WEB_VAS%20Team/_git/Servicos_ResumoDadosWS?_a=contents&version=GBmaster
Servicos_CreateInteractionREST;master;https://accenturetim.visualstudio.com/WEB_VAS/WEB_VAS%20Team/_git/Servicos_CreateInteractionREST?_a=contents&version=GBmaster
TIM_Components_RestPartnerIntegration;WEB0304;https://accenturetim.visualstudio.com/WEB_VAS/WEB_VAS%20Team/_git/TIM_Components_RestPartnerIntegration?_a=contents&version=GBWEB0304
TIM_Components_RestPartnerIntegration;master;https://accenturetim.visualstudio.com/WEB_VAS/WEB_VAS%20Team/_git/TIM_Components_RestPartnerIntegration?_a=contents&version=GBmaster
MeuTIM_pweb-portlet-genericIframe;master;https://accenturetim.visualstudio.com/WEB_VAS/WEB_VAS%20Team/_git/MeuTIM_pweb-portlet-genericIframe?_a=contents&version=GBmaster
MeuTIM_pweb-portlet-upgradePlano;master;https://accenturetim.visualstudio.com/WEB_VAS/WEB_VAS%20Team/_git/MeuTIM_pweb-portlet-upgradePlano?_a=contents&version=GBmaster
Portal_Internet_pweb-content-vap;WEB0200;https://accenturetim.visualstudio.com/WEB_VAS/WEB_VAS%20Team/_git/Portal_Internet_pweb-content-vap?_a=contents&version=GBWEB0200
Portal_Internet_pweb-content-vap;master;https://accenturetim.visualstudio.com/WEB_VAS/WEB_VAS%20Team/_git/Portal_Internet_pweb-content-vap?_a=contents&version=GBmaster
OAM_WS;master;https://accenturetim.visualstudio.com/WEB_VAS/WEB_VAS%20Team/_git/OAM_WS?_a=contents&version=GBmaster
MeuTIM_pweb-portlet-tipoConta;WEB0169;https://accenturetim.visualstudio.com/WEB_VAS/WEB_VAS%20Team/_git/MeuTIM_pweb-portlet-tipoConta?_a=contents&version=GBWEB0169
MeuTIM_pweb-portlet-tipoConta;master;https://accenturetim.visualstudio.com/WEB_VAS/WEB_VAS%20Team/_git/MeuTIM_pweb-portlet-tipoConta?_a=contents&version=GBmaster
pweb-portlet-consultaStatusPortabilidade;master;https://accenturetim.visualstudio.com/WEB_VAS/WEB_VAS%20Team/_git/pweb-portlet-consultaStatusPortabilidade?_a=contents&version=GBmaster
Portal_Internet_pweb-vcm-domain;WEB0003;https://accenturetim.visualstudio.com/WEB_VAS/WEB_VAS%20Team/_git/Portal_Internet_pweb-vcm-domain?_a=contents&version=GBWEB0003
Portal_Internet_pweb-vcm-domain;WEB0136;https://accenturetim.visualstudio.com/WEB_VAS/WEB_VAS%20Team/_git/Portal_Internet_pweb-vcm-domain?_a=contents&version=GBWEB0136
Portal_Internet_pweb-vcm-domain;WEB0190;https://accenturetim.visualstudio.com/WEB_VAS/WEB_VAS%20Team/_git/Portal_Internet_pweb-vcm-domain?_a=contents&version=GBWEB0190
Portal_Internet_pweb-vcm-domain;WEB0200;https://accenturetim.visualstudio.com/WEB_VAS/WEB_VAS%20Team/_git/Portal_Internet_pweb-vcm-domain?_a=contents&version=GBWEB0200
Portal_Internet_pweb-vcm-domain;master;https://accenturetim.visualstudio.com/WEB_VAS/WEB_VAS%20Team/_git/Portal_Internet_pweb-vcm-domain?_a=contents&version=GBmaster
MeuTIM_pweb-portlet-alterarPerfilFatura;WEB0112;https://accenturetim.visualstudio.com/WEB_VAS/WEB_VAS%20Team/_git/MeuTIM_pweb-portlet-alterarPerfilFatura?_a=contents&version=GBWEB0112
MeuTIM_pweb-portlet-alterarPerfilFatura;WEB0148;https://accenturetim.visualstudio.com/WEB_VAS/WEB_VAS%20Team/_git/MeuTIM_pweb-portlet-alterarPerfilFatura?_a=contents&version=GBWEB0148
MeuTIM_pweb-portlet-alterarPerfilFatura;master;https://accenturetim.visualstudio.com/WEB_VAS/WEB_VAS%20Team/_git/MeuTIM_pweb-portlet-alterarPerfilFatura?_a=contents&version=GBmaster
MeuTIM_pweb-portlet-exibePortabilidade;master;https://accenturetim.visualstudio.com/WEB_VAS/WEB_VAS%20Team/_git/MeuTIM_pweb-portlet-exibePortabilidade?_a=contents&version=GBmaster
MeuTIM_pweb-portlet-termoAdesao;master;https://accenturetim.visualstudio.com/WEB_VAS/WEB_VAS%20Team/_git/MeuTIM_pweb-portlet-termoAdesao?_a=contents&version=GBmaster
PWEB_Commons_Parent;master;https://accenturetim.visualstudio.com/WEB_VAS/WEB_VAS%20Team/_git/PWEB_Commons_Parent?_a=contents&version=GBmaster
MeuTIM_pweb-portlet-creditoEspecial;TIM2625;https://accenturetim.visualstudio.com/WEB_VAS/WEB_VAS%20Team/_git/MeuTIM_pweb-portlet-creditoEspecial?_a=contents&version=GBTIM2625
MeuTIM_pweb-portlet-creditoEspecial;master;https://accenturetim.visualstudio.com/WEB_VAS/WEB_VAS%20Team/_git/MeuTIM_pweb-portlet-creditoEspecial?_a=contents&version=GBmaster
MeuTIM_pweb-portlet-consultarNotasFiscais;master;https://accenturetim.visualstudio.com/WEB_VAS/WEB_VAS%20Team/_git/MeuTIM_pweb-portlet-consultarNotasFiscais?_a=contents&version=GBmaster
MeuTIM_pweb-portlet-imeiAparelho;master;https://accenturetim.visualstudio.com/WEB_VAS/WEB_VAS%20Team/_git/MeuTIM_pweb-portlet-imeiAparelho?_a=contents&version=GBmaster
MeuTIM_pweb-portlet-recargaOnline;master;https://accenturetim.visualstudio.com/WEB_VAS/WEB_VAS%20Team/_git/MeuTIM_pweb-portlet-recargaOnline?_a=contents&version=GBmaster
Portal_Captive_pcaptive-vcm;master;https://accenturetim.visualstudio.com/WEB_VAS/WEB_VAS%20Team/_git/Portal_Captive_pcaptive-vcm?_a=contents&version=GBmaster
TIM_Components_Content;master;https://accenturetim.visualstudio.com/WEB_VAS/WEB_VAS%20Team/_git/TIM_Components_Content?_a=contents&version=GBmaster
MeuTIM_pweb-services-vgn-ext-templating;master;https://accenturetim.visualstudio.com/WEB_VAS/WEB_VAS%20Team/_git/MeuTIM_pweb-services-vgn-ext-templating?_a=contents&version=GBmaster
MeuTIM_pweb-portlet-alterarDadosCadastrais;SCRPRD47387;https://accenturetim.visualstudio.com/WEB_VAS/WEB_VAS%20Team/_git/MeuTIM_pweb-portlet-alterarDadosCadastrais?_a=contents&version=GBSCRPRD47387
MeuTIM_pweb-portlet-alterarDadosCadastrais;WEB0016;https://accenturetim.visualstudio.com/WEB_VAS/WEB_VAS%20Team/_git/MeuTIM_pweb-portlet-alterarDadosCadastrais?_a=contents&version=GBWEB0016
MeuTIM_pweb-portlet-alterarDadosCadastrais;WEB0080;https://accenturetim.visualstudio.com/WEB_VAS/WEB_VAS%20Team/_git/MeuTIM_pweb-portlet-alterarDadosCadastrais?_a=contents&version=GBWEB0080
MeuTIM_pweb-portlet-alterarDadosCadastrais;WEB0148;https://accenturetim.visualstudio.com/WEB_VAS/WEB_VAS%20Team/_git/MeuTIM_pweb-portlet-alterarDadosCadastrais?_a=contents&version=GBWEB0148
MeuTIM_pweb-portlet-alterarDadosCadastrais;WEB0342;https://accenturetim.visualstudio.com/WEB_VAS/WEB_VAS%20Team/_git/MeuTIM_pweb-portlet-alterarDadosCadastrais?_a=contents&version=GBWEB0342
MeuTIM_pweb-portlet-alterarDadosCadastrais;master;https://accenturetim.visualstudio.com/WEB_VAS/WEB_VAS%20Team/_git/MeuTIM_pweb-portlet-alterarDadosCadastrais?_a=contents&version=GBmaster
OAAM_Extensions_Web;WEB0311_feature_otp_web_accesscontrol;https://accenturetim.visualstudio.com/WEB_VAS/WEB_VAS%20Team/_git/OAAM_Extensions_Web?_a=contents&version=GBWEB0311_feature_otp_web_accesscontrol
OAAM_Extensions_Web;development;https://accenturetim.visualstudio.com/WEB_VAS/WEB_VAS%20Team/_git/OAAM_Extensions_Web?_a=contents&version=GBdevelopment
OAAM_Extensions_Web;fqa;https://accenturetim.visualstudio.com/WEB_VAS/WEB_VAS%20Team/_git/OAAM_Extensions_Web?_a=contents&version=GBfqa
OAAM_Extensions_Web;master;https://accenturetim.visualstudio.com/WEB_VAS/WEB_VAS%20Team/_git/OAAM_Extensions_Web?_a=contents&version=GBmaster
MeuTIM_pweb-portlet-clickCounting;master;https://accenturetim.visualstudio.com/WEB_VAS/WEB_VAS%20Team/_git/MeuTIM_pweb-portlet-clickCounting?_a=contents&version=GBmaster
Varejo_Parent;master;https://accenturetim.visualstudio.com/WEB_VAS/WEB_VAS%20Team/_git/Varejo_Parent?_a=contents&version=GBmaster
Portal_Internet_pweb-content-vgn-ext-templating;WEB0003;https://accenturetim.visualstudio.com/WEB_VAS/WEB_VAS%20Team/_git/Portal_Internet_pweb-content-vgn-ext-templating?_a=contents&version=GBWEB0003
Portal_Internet_pweb-content-vgn-ext-templating;WEB0285;https://accenturetim.visualstudio.com/WEB_VAS/WEB_VAS%20Team/_git/Portal_Internet_pweb-content-vgn-ext-templating?_a=contents&version=GBWEB0285
Portal_Internet_pweb-content-vgn-ext-templating;master;https://accenturetim.visualstudio.com/WEB_VAS/WEB_VAS%20Team/_git/Portal_Internet_pweb-content-vgn-ext-templating?_a=contents&version=GBmaster
Portal_Captive_pcap-vcm-core;DSV_SCRAT45390;https://accenturetim.visualstudio.com/WEB_VAS/WEB_VAS%20Team/_git/Portal_Captive_pcap-vcm-core?_a=contents&version=GBDSV_SCRAT45390
Portal_Captive_pcap-vcm-core;master;https://accenturetim.visualstudio.com/WEB_VAS/WEB_VAS%20Team/_git/Portal_Captive_pcap-vcm-core?_a=contents&version=GBmaster
MeuTIM_ pweb-portlet-religaConfianca;master;https://accenturetim.visualstudio.com/WEB_VAS/WEB_VAS%20Team/_git/MeuTIM_ pweb-portlet-religaConfianca?_a=contents&version=GBmaster
Portal_Internet_pweb-common-project;master;https://accenturetim.visualstudio.com/WEB_VAS/WEB_VAS%20Team/_git/Portal_Internet_pweb-common-project?_a=contents&version=GBmaster
OAM_AccessControlNetflix;DEV_Integracao;https://accenturetim.visualstudio.com/WEB_VAS/WEB_VAS%20Team/_git/OAM_AccessControlNetflix?_a=contents&version=GBDEV_Integracao
OAM_AccessControlNetflix;FQA_Integracao;https://accenturetim.visualstudio.com/WEB_VAS/WEB_VAS%20Team/_git/OAM_AccessControlNetflix?_a=contents&version=GBFQA_Integracao
OAM_AccessControlNetflix;master;https://accenturetim.visualstudio.com/WEB_VAS/WEB_VAS%20Team/_git/OAM_AccessControlNetflix?_a=contents&version=GBmaster
TIM_Components_userData;WEB0169;https://accenturetim.visualstudio.com/WEB_VAS/WEB_VAS%20Team/_git/TIM_Components_userData?_a=contents&version=GBWEB0169
TIM_Components_userData;master;https://accenturetim.visualstudio.com/WEB_VAS/WEB_VAS%20Team/_git/TIM_Components_userData?_a=contents&version=GBmaster
MeuTIM_acc-autoAtendimento-ear;master;https://accenturetim.visualstudio.com/WEB_VAS/WEB_VAS%20Team/_git/MeuTIM_acc-autoAtendimento-ear?_a=contents&version=GBmaster
MeuTIM_pweb-portlet-acessoRapido;master;https://accenturetim.visualstudio.com/WEB_VAS/WEB_VAS%20Team/_git/MeuTIM_pweb-portlet-acessoRapido?_a=contents&version=GBmaster
Wifi_pwifi-vcm-domain;WEB0190;https://accenturetim.visualstudio.com/WEB_VAS/WEB_VAS%20Team/_git/Wifi_pwifi-vcm-domain?_a=contents&version=GBWEB0190
Wifi_pwifi-vcm-domain;master;https://accenturetim.visualstudio.com/WEB_VAS/WEB_VAS%20Team/_git/Wifi_pwifi-vcm-domain?_a=contents&version=GBmaster
TIM_Components_interests;WEB0232;https://accenturetim.visualstudio.com/WEB_VAS/WEB_VAS%20Team/_git/TIM_Components_interests?_a=contents&version=GBWEB0232
TIM_Components_interests;master;https://accenturetim.visualstudio.com/WEB_VAS/WEB_VAS%20Team/_git/TIM_Components_interests?_a=contents&version=GBmaster
Servicos_CadAuto;DEV_Integracao;https://accenturetim.visualstudio.com/WEB_VAS/WEB_VAS%20Team/_git/Servicos_CadAuto?_a=contents&version=GBDEV_Integracao
Servicos_CadAuto;DSV_Interno_cache;https://accenturetim.visualstudio.com/WEB_VAS/WEB_VAS%20Team/_git/Servicos_CadAuto?_a=contents&version=GBDSV_Interno_cache
Servicos_CadAuto;FQA_Integracao;https://accenturetim.visualstudio.com/WEB_VAS/WEB_VAS%20Team/_git/Servicos_CadAuto?_a=contents&version=GBFQA_Integracao
Servicos_CadAuto;SDN12345;https://accenturetim.visualstudio.com/WEB_VAS/WEB_VAS%20Team/_git/Servicos_CadAuto?_a=contents&version=GBSDN12345
Servicos_CadAuto;SDN338229;https://accenturetim.visualstudio.com/WEB_VAS/WEB_VAS%20Team/_git/Servicos_CadAuto?_a=contents&version=GBSDN338229
Servicos_CadAuto;SDN339243;https://accenturetim.visualstudio.com/WEB_VAS/WEB_VAS%20Team/_git/Servicos_CadAuto?_a=contents&version=GBSDN339243
Servicos_CadAuto;SDN341640;https://accenturetim.visualstudio.com/WEB_VAS/WEB_VAS%20Team/_git/Servicos_CadAuto?_a=contents&version=GBSDN341640
Servicos_CadAuto;SDN344238_WEB0275;https://accenturetim.visualstudio.com/WEB_VAS/WEB_VAS%20Team/_git/Servicos_CadAuto?_a=contents&version=GBSDN344238_WEB0275
Servicos_CadAuto;SDN344238_WEB0275-revert-from-SDN350619;https://accenturetim.visualstudio.com/WEB_VAS/WEB_VAS%20Team/_git/Servicos_CadAuto?_a=contents&version=GBSDN344238_WEB0275-revert-from-SDN350619
Servicos_CadAuto;SDN350619;https://accenturetim.visualstudio.com/WEB_VAS/WEB_VAS%20Team/_git/Servicos_CadAuto?_a=contents&version=GBSDN350619
Servicos_CadAuto;TIR338673;https://accenturetim.visualstudio.com/WEB_VAS/WEB_VAS%20Team/_git/Servicos_CadAuto?_a=contents&version=GBTIR338673
Servicos_CadAuto;TIR339154;https://accenturetim.visualstudio.com/WEB_VAS/WEB_VAS%20Team/_git/Servicos_CadAuto?_a=contents&version=GBTIR339154
Servicos_CadAuto;TIR341511;https://accenturetim.visualstudio.com/WEB_VAS/WEB_VAS%20Team/_git/Servicos_CadAuto?_a=contents&version=GBTIR341511
Servicos_CadAuto;TIR341862;https://accenturetim.visualstudio.com/WEB_VAS/WEB_VAS%20Team/_git/Servicos_CadAuto?_a=contents&version=GBTIR341862
Servicos_CadAuto;TIR342214;https://accenturetim.visualstudio.com/WEB_VAS/WEB_VAS%20Team/_git/Servicos_CadAuto?_a=contents&version=GBTIR342214
Servicos_CadAuto;TIR_REMOCAO_CAPTCHA_INIT;https://accenturetim.visualstudio.com/WEB_VAS/WEB_VAS%20Team/_git/Servicos_CadAuto?_a=contents&version=GBTIR_REMOCAO_CAPTCHA_INIT
Servicos_CadAuto;WEB0178_2;https://accenturetim.visualstudio.com/WEB_VAS/WEB_VAS%20Team/_git/Servicos_CadAuto?_a=contents&version=GBWEB0178_2
Servicos_CadAuto;WEB0178_Entrega1;https://accenturetim.visualstudio.com/WEB_VAS/WEB_VAS%20Team/_git/Servicos_CadAuto?_a=contents&version=GBWEB0178_Entrega1
Servicos_CadAuto;WEB0187;https://accenturetim.visualstudio.com/WEB_VAS/WEB_VAS%20Team/_git/Servicos_CadAuto?_a=contents&version=GBWEB0187
Servicos_CadAuto;WEB0204;https://accenturetim.visualstudio.com/WEB_VAS/WEB_VAS%20Team/_git/Servicos_CadAuto?_a=contents&version=GBWEB0204
Servicos_CadAuto;WEB0205;https://accenturetim.visualstudio.com/WEB_VAS/WEB_VAS%20Team/_git/Servicos_CadAuto?_a=contents&version=GBWEB0205
Servicos_CadAuto;WEB0206;https://accenturetim.visualstudio.com/WEB_VAS/WEB_VAS%20Team/_git/Servicos_CadAuto?_a=contents&version=GBWEB0206
Servicos_CadAuto;master;https://accenturetim.visualstudio.com/WEB_VAS/WEB_VAS%20Team/_git/Servicos_CadAuto?_a=contents&version=GBmaster
MeuTIM_pweb-portlet-cancelamentoAutomatico;WEB0154;https://accenturetim.visualstudio.com/WEB_VAS/WEB_VAS%20Team/_git/MeuTIM_pweb-portlet-cancelamentoAutomatico?_a=contents&version=GBWEB0154
MeuTIM_pweb-portlet-cancelamentoAutomatico;master;https://accenturetim.visualstudio.com/WEB_VAS/WEB_VAS%20Team/_git/MeuTIM_pweb-portlet-cancelamentoAutomatico?_a=contents&version=GBmaster
Servicos_PostCodeWS;DEV_Integracao;https://accenturetim.visualstudio.com/WEB_VAS/WEB_VAS%20Team/_git/Servicos_PostCodeWS?_a=contents&version=GBDEV_Integracao
Servicos_PostCodeWS;FQA_Integracao;https://accenturetim.visualstudio.com/WEB_VAS/WEB_VAS%20Team/_git/Servicos_PostCodeWS?_a=contents&version=GBFQA_Integracao
Servicos_PostCodeWS;master;https://accenturetim.visualstudio.com/WEB_VAS/WEB_VAS%20Team/_git/Servicos_PostCodeWS?_a=contents&version=GBmaster
Servicos_Captive;BUG117343;https://accenturetim.visualstudio.com/WEB_VAS/WEB_VAS%20Team/_git/Servicos_Captive?_a=contents&version=GBBUG117343
Servicos_Captive;DEV_Integracao;https://accenturetim.visualstudio.com/WEB_VAS/WEB_VAS%20Team/_git/Servicos_Captive?_a=contents&version=GBDEV_Integracao
Servicos_Captive;FQA_Integracao;https://accenturetim.visualstudio.com/WEB_VAS/WEB_VAS%20Team/_git/Servicos_Captive?_a=contents&version=GBFQA_Integracao
Servicos_Captive;TIR117349;https://accenturetim.visualstudio.com/WEB_VAS/WEB_VAS%20Team/_git/Servicos_Captive?_a=contents&version=GBTIR117349
Servicos_Captive;WEB0303;https://accenturetim.visualstudio.com/WEB_VAS/WEB_VAS%20Team/_git/Servicos_Captive?_a=contents&version=GBWEB0303
Servicos_Captive;WEB0304;https://accenturetim.visualstudio.com/WEB_VAS/WEB_VAS%20Team/_git/Servicos_Captive?_a=contents&version=GBWEB0304
Servicos_Captive;WEB0318;https://accenturetim.visualstudio.com/WEB_VAS/WEB_VAS%20Team/_git/Servicos_Captive?_a=contents&version=GBWEB0318
Servicos_Captive;WEB0318_Integracao;https://accenturetim.visualstudio.com/WEB_VAS/WEB_VAS%20Team/_git/Servicos_Captive?_a=contents&version=GBWEB0318_Integracao
Servicos_Captive;WEB0318_TIR_LOG;https://accenturetim.visualstudio.com/WEB_VAS/WEB_VAS%20Team/_git/Servicos_Captive?_a=contents&version=GBWEB0318_TIR_LOG
Servicos_Captive;WEB0330;https://accenturetim.visualstudio.com/WEB_VAS/WEB_VAS%20Team/_git/Servicos_Captive?_a=contents&version=GBWEB0330
Servicos_Captive;WEB0348;https://accenturetim.visualstudio.com/WEB_VAS/WEB_VAS%20Team/_git/Servicos_Captive?_a=contents&version=GBWEB0348
Servicos_Captive;WEB0351;https://accenturetim.visualstudio.com/WEB_VAS/WEB_VAS%20Team/_git/Servicos_Captive?_a=contents&version=GBWEB0351
Servicos_Captive;WEB0352;https://accenturetim.visualstudio.com/WEB_VAS/WEB_VAS%20Team/_git/Servicos_Captive?_a=contents&version=GBWEB0352
Servicos_Captive;master;https://accenturetim.visualstudio.com/WEB_VAS/WEB_VAS%20Team/_git/Servicos_Captive?_a=contents&version=GBmaster
TIM_Components_errorHandling;DEV_Integracao;https://accenturetim.visualstudio.com/WEB_VAS/WEB_VAS%20Team/_git/TIM_Components_errorHandling?_a=contents&version=GBDEV_Integracao
TIM_Components_errorHandling;FQA_Integracao;https://accenturetim.visualstudio.com/WEB_VAS/WEB_VAS%20Team/_git/TIM_Components_errorHandling?_a=contents&version=GBFQA_Integracao
TIM_Components_errorHandling;master;https://accenturetim.visualstudio.com/WEB_VAS/WEB_VAS%20Team/_git/TIM_Components_errorHandling?_a=contents&version=GBmaster
Camada_Exposicao_API_Grupo_InternetVarejo;300dias_API_A_F2;https://accenturetim.visualstudio.com/WEB_VAS/WEB_VAS%20Team/_git/Camada_Exposicao_API_Grupo_InternetVarejo?_a=contents&version=GB300dias_API_A_F2
Camada_Exposicao_API_Grupo_InternetVarejo;300dias_APIs_A;https://accenturetim.visualstudio.com/WEB_VAS/WEB_VAS%20Team/_git/Camada_Exposicao_API_Grupo_InternetVarejo?_a=contents&version=GB300dias_APIs_A
Camada_Exposicao_API_Grupo_InternetVarejo;300dias_APIs_B;https://accenturetim.visualstudio.com/WEB_VAS/WEB_VAS%20Team/_git/Camada_Exposicao_API_Grupo_InternetVarejo?_a=contents&version=GB300dias_APIs_B
Camada_Exposicao_API_Grupo_InternetVarejo;300dias_APIs_B_F2;https://accenturetim.visualstudio.com/WEB_VAS/WEB_VAS%20Team/_git/Camada_Exposicao_API_Grupo_InternetVarejo?_a=contents&version=GB300dias_APIs_B_F2
Camada_Exposicao_API_Grupo_InternetVarejo;BUG88450;https://accenturetim.visualstudio.com/WEB_VAS/WEB_VAS%20Team/_git/Camada_Exposicao_API_Grupo_InternetVarejo?_a=contents&version=GBBUG88450
Camada_Exposicao_API_Grupo_InternetVarejo;TIR89030;https://accenturetim.visualstudio.com/WEB_VAS/WEB_VAS%20Team/_git/Camada_Exposicao_API_Grupo_InternetVarejo?_a=contents&version=GBTIR89030
Camada_Exposicao_API_Grupo_InternetVarejo;WEB0114_APIs_A;https://accenturetim.visualstudio.com/WEB_VAS/WEB_VAS%20Team/_git/Camada_Exposicao_API_Grupo_InternetVarejo?_a=contents&version=GBWEB0114_APIs_A
Camada_Exposicao_API_Grupo_InternetVarejo;WEB0121_APIs_A;https://accenturetim.visualstudio.com/WEB_VAS/WEB_VAS%20Team/_git/Camada_Exposicao_API_Grupo_InternetVarejo?_a=contents&version=GBWEB0121_APIs_A
Camada_Exposicao_API_Grupo_InternetVarejo;WEB0121_APIs_B;https://accenturetim.visualstudio.com/WEB_VAS/WEB_VAS%20Team/_git/Camada_Exposicao_API_Grupo_InternetVarejo?_a=contents&version=GBWEB0121_APIs_B
Camada_Exposicao_API_Grupo_InternetVarejo;WEB0121_APIs_C;https://accenturetim.visualstudio.com/WEB_VAS/WEB_VAS%20Team/_git/Camada_Exposicao_API_Grupo_InternetVarejo?_a=contents&version=GBWEB0121_APIs_C
Camada_Exposicao_API_Grupo_InternetVarejo;WEB0122;https://accenturetim.visualstudio.com/WEB_VAS/WEB_VAS%20Team/_git/Camada_Exposicao_API_Grupo_InternetVarejo?_a=contents&version=GBWEB0122
Camada_Exposicao_API_Grupo_InternetVarejo;WEB0139;https://accenturetim.visualstudio.com/WEB_VAS/WEB_VAS%20Team/_git/Camada_Exposicao_API_Grupo_InternetVarejo?_a=contents&version=GBWEB0139
Camada_Exposicao_API_Grupo_InternetVarejo;WEB0339;https://accenturetim.visualstudio.com/WEB_VAS/WEB_VAS%20Team/_git/Camada_Exposicao_API_Grupo_InternetVarejo?_a=contents&version=GBWEB0339
Camada_Exposicao_API_Grupo_InternetVarejo;WEB0362;https://accenturetim.visualstudio.com/WEB_VAS/WEB_VAS%20Team/_git/Camada_Exposicao_API_Grupo_InternetVarejo?_a=contents&version=GBWEB0362
Camada_Exposicao_API_Grupo_InternetVarejo;master;https://accenturetim.visualstudio.com/WEB_VAS/WEB_VAS%20Team/_git/Camada_Exposicao_API_Grupo_InternetVarejo?_a=contents&version=GBmaster
Portal_Internet_pweb-vcm-util;master;https://accenturetim.visualstudio.com/WEB_VAS/WEB_VAS%20Team/_git/Portal_Internet_pweb-vcm-util?_a=contents&version=GBmaster
MeuTIM_pweb-portlet-extratoInternetAcumulada;master;https://accenturetim.visualstudio.com/WEB_VAS/WEB_VAS%20Team/_git/MeuTIM_pweb-portlet-extratoInternetAcumulada?_a=contents&version=GBmaster
TIM_Components_TIMCHIP;master;https://accenturetim.visualstudio.com/WEB_VAS/WEB_VAS%20Team/_git/TIM_Components_TIMCHIP?_a=contents&version=GBmaster
Portal_Internet_pweb-services-threeTierWidget;master;https://accenturetim.visualstudio.com/WEB_VAS/WEB_VAS%20Team/_git/Portal_Internet_pweb-services-threeTierWidget?_a=contents&version=GBmaster
TIM_Connector_restClientLegacy;WEB0241;https://accenturetim.visualstudio.com/WEB_VAS/WEB_VAS%20Team/_git/TIM_Connector_restClientLegacy?_a=contents&version=GBWEB0241
TIM_Connector_restClientLegacy;master;https://accenturetim.visualstudio.com/WEB_VAS/WEB_VAS%20Team/_git/TIM_Connector_restClientLegacy?_a=contents&version=GBmaster
MeuTIM_pweb-portlet-ativacaoDesativacaoServicos;WEB0083;https://accenturetim.visualstudio.com/WEB_VAS/WEB_VAS%20Team/_git/MeuTIM_pweb-portlet-ativacaoDesativacaoServicos?_a=contents&version=GBWEB0083
MeuTIM_pweb-portlet-ativacaoDesativacaoServicos;WEB0241;https://accenturetim.visualstudio.com/WEB_VAS/WEB_VAS%20Team/_git/MeuTIM_pweb-portlet-ativacaoDesativacaoServicos?_a=contents&version=GBWEB0241
MeuTIM_pweb-portlet-ativacaoDesativacaoServicos;WEB0241_BKP;https://accenturetim.visualstudio.com/WEB_VAS/WEB_VAS%20Team/_git/MeuTIM_pweb-portlet-ativacaoDesativacaoServicos?_a=contents&version=GBWEB0241_BKP
MeuTIM_pweb-portlet-ativacaoDesativacaoServicos;WEB0241_NEW;https://accenturetim.visualstudio.com/WEB_VAS/WEB_VAS%20Team/_git/MeuTIM_pweb-portlet-ativacaoDesativacaoServicos?_a=contents&version=GBWEB0241_NEW
MeuTIM_pweb-portlet-ativacaoDesativacaoServicos;master;https://accenturetim.visualstudio.com/WEB_VAS/WEB_VAS%20Team/_git/MeuTIM_pweb-portlet-ativacaoDesativacaoServicos?_a=contents&version=GBmaster
MeuTIM_pweb-portlet-receberPorSMS;master;https://accenturetim.visualstudio.com/WEB_VAS/WEB_VAS%20Team/_git/MeuTIM_pweb-portlet-receberPorSMS?_a=contents&version=GBmaster
OAM_AccessControl;SDN349511_feature_workManager;https://accenturetim.visualstudio.com/WEB_VAS/WEB_VAS%20Team/_git/OAM_AccessControl?_a=contents&version=GBSDN349511_feature_workManager
OAM_AccessControl;WEB0023;https://accenturetim.visualstudio.com/WEB_VAS/WEB_VAS%20Team/_git/OAM_AccessControl?_a=contents&version=GBWEB0023
OAM_AccessControl;WEB0090;https://accenturetim.visualstudio.com/WEB_VAS/WEB_VAS%20Team/_git/OAM_AccessControl?_a=contents&version=GBWEB0090
OAM_AccessControl;WEB0098;https://accenturetim.visualstudio.com/WEB_VAS/WEB_VAS%20Team/_git/OAM_AccessControl?_a=contents&version=GBWEB0098
OAM_AccessControl;WEB0237;https://accenturetim.visualstudio.com/WEB_VAS/WEB_VAS%20Team/_git/OAM_AccessControl?_a=contents&version=GBWEB0237
OAM_AccessControl;development;https://accenturetim.visualstudio.com/WEB_VAS/WEB_VAS%20Team/_git/OAM_AccessControl?_a=contents&version=GBdevelopment
OAM_AccessControl;feature_workManager;https://accenturetim.visualstudio.com/WEB_VAS/WEB_VAS%20Team/_git/OAM_AccessControl?_a=contents&version=GBfeature_workManager
OAM_AccessControl;fqa;https://accenturetim.visualstudio.com/WEB_VAS/WEB_VAS%20Team/_git/OAM_AccessControl?_a=contents&version=GBfqa
OAM_AccessControl;master;https://accenturetim.visualstudio.com/WEB_VAS/WEB_VAS%20Team/_git/OAM_AccessControl?_a=contents&version=GBmaster
TIM_Components_captive;WEB0318;https://accenturetim.visualstudio.com/WEB_VAS/WEB_VAS%20Team/_git/TIM_Components_captive?_a=contents&version=GBWEB0318
TIM_Components_captive;WEB0318_Integracao;https://accenturetim.visualstudio.com/WEB_VAS/WEB_VAS%20Team/_git/TIM_Components_captive?_a=contents&version=GBWEB0318_Integracao
TIM_Components_captive;WEB0318_Ofertas_Fairusage;https://accenturetim.visualstudio.com/WEB_VAS/WEB_VAS%20Team/_git/TIM_Components_captive?_a=contents&version=GBWEB0318_Ofertas_Fairusage
TIM_Components_captive;master;https://accenturetim.visualstudio.com/WEB_VAS/WEB_VAS%20Team/_git/TIM_Components_captive?_a=contents&version=GBmaster
TIM_Components_promotion;WEB0313;https://accenturetim.visualstudio.com/WEB_VAS/WEB_VAS%20Team/_git/TIM_Components_promotion?_a=contents&version=GBWEB0313
TIM_Components_promotion;master;https://accenturetim.visualstudio.com/WEB_VAS/WEB_VAS%20Team/_git/TIM_Components_promotion?_a=contents&version=GBmaster
TIM_Components_RestPostCodeIntegration;DEV_Integracao;https://accenturetim.visualstudio.com/WEB_VAS/WEB_VAS%20Team/_git/TIM_Components_RestPostCodeIntegration?_a=contents&version=GBDEV_Integracao
TIM_Components_RestPostCodeIntegration;FQA_Integracao;https://accenturetim.visualstudio.com/WEB_VAS/WEB_VAS%20Team/_git/TIM_Components_RestPostCodeIntegration?_a=contents&version=GBFQA_Integracao
TIM_Components_RestPostCodeIntegration;master;https://accenturetim.visualstudio.com/WEB_VAS/WEB_VAS%20Team/_git/TIM_Components_RestPostCodeIntegration?_a=contents&version=GBmaster
WhatsApp_Batch;WEB0367;https://accenturetim.visualstudio.com/WEB_VAS/WEB_VAS%20Team/_git/WhatsApp_Batch?_a=contents&version=GBWEB0367
WhatsApp_Batch;master;https://accenturetim.visualstudio.com/WEB_VAS/WEB_VAS%20Team/_git/WhatsApp_Batch?_a=contents&version=GBmaster
Varejo_Portal;DEV_Integracao;https://accenturetim.visualstudio.com/WEB_VAS/WEB_VAS%20Team/_git/Varejo_Portal?_a=contents&version=GBDEV_Integracao
Varejo_Portal;FQA_Integracao;https://accenturetim.visualstudio.com/WEB_VAS/WEB_VAS%20Team/_git/Varejo_Portal?_a=contents&version=GBFQA_Integracao
Varejo_Portal;WEB0113;https://accenturetim.visualstudio.com/WEB_VAS/WEB_VAS%20Team/_git/Varejo_Portal?_a=contents&version=GBWEB0113
Varejo_Portal;WEB0120;https://accenturetim.visualstudio.com/WEB_VAS/WEB_VAS%20Team/_git/Varejo_Portal?_a=contents&version=GBWEB0120
Varejo_Portal;WEB0139;https://accenturetim.visualstudio.com/WEB_VAS/WEB_VAS%20Team/_git/Varejo_Portal?_a=contents&version=GBWEB0139
Varejo_Portal;WEB0227;https://accenturetim.visualstudio.com/WEB_VAS/WEB_VAS%20Team/_git/Varejo_Portal?_a=contents&version=GBWEB0227
Varejo_Portal;master;https://accenturetim.visualstudio.com/WEB_VAS/WEB_VAS%20Team/_git/Varejo_Portal?_a=contents&version=GBmaster
Camada_Exposicao_API_Analytics;Feature_TIR49276;https://accenturetim.visualstudio.com/WEB_VAS/WEB_VAS%20Team/_git/Camada_Exposicao_API_Analytics?_a=contents&version=GBFeature_TIR49276
Camada_Exposicao_API_Analytics;WEB0213;https://accenturetim.visualstudio.com/WEB_VAS/WEB_VAS%20Team/_git/Camada_Exposicao_API_Analytics?_a=contents&version=GBWEB0213
Camada_Exposicao_API_Analytics;WEB0297;https://accenturetim.visualstudio.com/WEB_VAS/WEB_VAS%20Team/_git/Camada_Exposicao_API_Analytics?_a=contents&version=GBWEB0297
Camada_Exposicao_API_Analytics;development;https://accenturetim.visualstudio.com/WEB_VAS/WEB_VAS%20Team/_git/Camada_Exposicao_API_Analytics?_a=contents&version=GBdevelopment
Camada_Exposicao_API_Analytics;feature_BUG120894;https://accenturetim.visualstudio.com/WEB_VAS/WEB_VAS%20Team/_git/Camada_Exposicao_API_Analytics?_a=contents&version=GBfeature_BUG120894
Camada_Exposicao_API_Analytics;fix_SDN343205;https://accenturetim.visualstudio.com/WEB_VAS/WEB_VAS%20Team/_git/Camada_Exposicao_API_Analytics?_a=contents&version=GBfix_SDN343205
Camada_Exposicao_API_Analytics;fix_SDN350289;https://accenturetim.visualstudio.com/WEB_VAS/WEB_VAS%20Team/_git/Camada_Exposicao_API_Analytics?_a=contents&version=GBfix_SDN350289
Camada_Exposicao_API_Analytics;fqa;https://accenturetim.visualstudio.com/WEB_VAS/WEB_VAS%20Team/_git/Camada_Exposicao_API_Analytics?_a=contents&version=GBfqa
Camada_Exposicao_API_Analytics;master;https://accenturetim.visualstudio.com/WEB_VAS/WEB_VAS%20Team/_git/Camada_Exposicao_API_Analytics?_a=contents&version=GBmaster
MeuTIM_pweb-portlet-meusDocumentos;SDN346640;https://accenturetim.visualstudio.com/WEB_VAS/WEB_VAS%20Team/_git/MeuTIM_pweb-portlet-meusDocumentos?_a=contents&version=GBSDN346640
MeuTIM_pweb-portlet-meusDocumentos;WEB0016;https://accenturetim.visualstudio.com/WEB_VAS/WEB_VAS%20Team/_git/MeuTIM_pweb-portlet-meusDocumentos?_a=contents&version=GBWEB0016
MeuTIM_pweb-portlet-meusDocumentos;master;https://accenturetim.visualstudio.com/WEB_VAS/WEB_VAS%20Team/_git/MeuTIM_pweb-portlet-meusDocumentos?_a=contents&version=GBmaster
OAM_Plugins;master;https://accenturetim.visualstudio.com/WEB_VAS/WEB_VAS%20Team/_git/OAM_Plugins?_a=contents&version=GBmaster
MeuTIM_pweb-portlet-consultaPacotesAtivos;master;https://accenturetim.visualstudio.com/WEB_VAS/WEB_VAS%20Team/_git/MeuTIM_pweb-portlet-consultaPacotesAtivos?_a=contents&version=GBmaster
MeuTIM_pweb-portlet-bloqueioDesbloqueioTIMChip;WEB0294;https://accenturetim.visualstudio.com/WEB_VAS/WEB_VAS%20Team/_git/MeuTIM_pweb-portlet-bloqueioDesbloqueioTIMChip?_a=contents&version=GBWEB0294
MeuTIM_pweb-portlet-bloqueioDesbloqueioTIMChip;master;https://accenturetim.visualstudio.com/WEB_VAS/WEB_VAS%20Team/_git/MeuTIM_pweb-portlet-bloqueioDesbloqueioTIMChip?_a=contents&version=GBmaster
MeuTIM_pweb-portlet-meuTelefoneTIM;master;https://accenturetim.visualstudio.com/WEB_VAS/WEB_VAS%20Team/_git/MeuTIM_pweb-portlet-meuTelefoneTIM?_a=contents&version=GBmaster
MeuTIM_pweb-portlet-gerenciarPlano;SDN321848;https://accenturetim.visualstudio.com/WEB_VAS/WEB_VAS%20Team/_git/MeuTIM_pweb-portlet-gerenciarPlano?_a=contents&version=GBSDN321848
MeuTIM_pweb-portlet-gerenciarPlano;master;https://accenturetim.visualstudio.com/WEB_VAS/WEB_VAS%20Team/_git/MeuTIM_pweb-portlet-gerenciarPlano?_a=contents&version=GBmaster
